gate,CC0,CC1,CO,is_trojan
CONST_0,1,1,#INF,0
CONST_1,1,1,0,0
N1,1,1,2,0
N4,1,1,34,0
N11,1,1,15,0
N14,1,1,15,0
N17,1,1,16,0
N20,1,1,16,0
N23,1,1,18,0
N24,1,1,17,0
N25,1,1,18,0
N26,1,1,17,0
N27,1,1,4,0
N31,1,1,4,0
N34,1,1,#INF,0
N37,1,1,16,0
N40,1,1,16,0
N43,1,1,15,0
N46,1,1,15,0
N49,1,1,16,0
N52,1,1,26,0
N53,1,1,27,0
N54,1,1,33,0
N61,1,1,16,0
N64,1,1,16,0
N67,1,1,15,0
N70,1,1,16,0
N73,1,1,15,0
N76,1,1,15,0
N79,1,1,17,0
N80,1,1,18,0
N81,1,1,18,0
N82,1,1,17,0
N83,1,1,#INF,0
N86,1,1,#INF,0
N87,1,1,#INF,0
N88,1,1,#INF,0
N91,1,1,15,0
N94,1,1,21,0
N97,1,1,22,0
N100,1,1,15,0
N103,1,1,16,0
N106,1,1,16,0
N109,1,1,15,0
N112,1,1,26,0
N113,1,1,27,0
N114,1,1,27,0
N115,1,1,27,0
N116,1,1,26,0
N117,1,1,27,0
N118,1,1,15,0
N119,1,1,26,0
N120,1,1,15,0
N121,1,1,26,0
N122,1,1,27,0
N123,1,1,15,0
N126,1,1,27,0
N127,1,1,27,0
N128,1,1,27,0
N129,1,1,26,0
N130,1,1,26,0
N131,1,1,26,0
N132,1,1,24,0
N135,1,1,#INF,0
N136,1,1,2,0
N137,1,1,2,0
N140,1,1,4,0
N141,1,1,1,0
N145,1,1,2,0
N146,1,1,20,0
N149,1,1,19,0
N152,1,1,20,0
N155,1,1,19,0
N158,1,1,20,0
N161,1,1,20,0
N164,1,1,20,0
N167,1,1,20,0
N170,1,1,20,0
N173,1,1,20,0
N176,1,1,#INF,0
N179,1,1,#INF,0
N182,1,1,19,0
N185,1,1,20,0
N188,1,1,19,0
N191,1,1,19,0
N194,1,1,19,0
N197,1,1,19,0
N200,1,1,19,0
N203,1,1,19,0
N206,1,1,18,0
N209,1,1,30,0
N210,1,1,17,0
N217,1,1,35,0
N218,1,1,17,0
N225,1,1,37,0
N226,1,1,17,0
N233,1,1,37,0
N234,1,1,31,0
N241,1,1,37,0
N242,1,1,23,0
N245,1,1,17,0
N248,1,1,#INF,0
N251,1,1,#INF,0
N254,1,1,23,0
N257,1,1,22,0
N264,1,1,23,0
N265,1,1,22,0
N272,1,1,23,0
N273,1,1,22,0
N280,1,1,23,0
N281,1,1,22,0
N288,1,1,23,0
N289,1,1,31,0
N292,1,1,36,0
N293,1,1,1,0
N299,1,1,2,0
N302,1,1,17,0
N307,1,1,23,0
N308,1,1,17,0
N315,1,1,23,0
N316,1,1,17,0
N323,1,1,23,0
N324,1,1,36,0
N331,1,1,37,0
N332,1,1,22,0
N335,1,1,23,0
N338,1,1,36,0
N341,1,1,27,0
N348,1,1,37,0
N351,1,1,27,0
N358,1,1,37,0
N361,1,1,27,0
N366,1,1,37,0
N369,1,1,27,0
N372,1,1,36,0
N373,1,1,#INF,0
N374,1,1,35,0
N386,1,1,17,0
N389,1,1,35,0
N400,1,1,35,0
N411,1,1,35,0
N422,1,1,35,0
N435,1,1,35,0
N446,1,1,27,0
N457,1,1,32,0
N468,1,1,35,0
N479,1,1,27,0
N490,1,1,33,0
N503,1,1,34,0
N514,1,1,30,0
N523,1,1,34,0
N534,1,1,34,0
N545,1,1,#INF,0
N549,1,1,2,0
N552,1,1,2,0
N556,1,1,17,0
N559,1,1,17,0
N562,1,1,2,0
N566,1,1,34,0
N571,1,1,20,0
N574,1,1,19,0
N577,1,1,20,0
N580,1,1,19,0
N583,1,1,34,0
N588,1,1,16,0
N591,1,1,#INF,0
N592,1,1,1,0
N595,1,1,#INF,0
N596,1,1,#INF,0
N597,1,1,#INF,0
N598,1,1,#INF,0
N599,1,1,15,0
N603,1,1,18,0
N607,1,1,15,0
N610,1,1,16,0
N613,1,1,16,0
N616,1,1,15,0
N619,1,1,14,0
N625,1,1,14,0
N631,1,1,#INF,0
U1,2,2,0,0
U2,2,2,0,0
U3,2,3,#INF,0
U4,1,1,#INF,0
U5,2,2,0,0
U6,1,1,30,0
U7,1,1,35,0
U8,1,1,#INF,0
U9,1,1,#INF,0
U10,1,1,0,0
U11,1,1,0,0
U12,1,1,0,0
U13,2,3,0,0
U14,1,1,0,0
U15,1,1,0,0
U16,1,1,0,0
U17,1,1,0,0
U18,1,1,0,0
U19,3,2,#INF,0
U20,2,3,0,0
U21,1,1,2,0
U22,1,1,8,0
U23,2,3,#INF,0
U24,2,3,#INF,0
U25,1,1,0,0
U26,1,1,0,0
U27,1,1,0,0
U28,1,1,0,0
U29,3,7,11,0
U30,1,1,26,0
U31,2,2,19,0
U32,2,2,18,0
U33,2,2,19,0
U34,2,2,18,0
U35,2,2,1,0
U36,2,2,10,0
U37,2,2,1,0
U38,1,1,26,0
U39,2,2,19,0
U40,2,2,18,0
U41,2,2,19,0
U42,2,2,18,0
U43,2,2,37,0
U44,2,2,#INF,0
U45,2,2,#INF,0
U46,2,2,#INF,0
U47,2,2,#INF,0
U48,2,2,15,0
U49,2,2,14,0
U50,2,2,15,0
U51,2,2,14,0
U52,2,2,36,0
U53,2,2,#INF,0
U54,2,2,36,0
U55,2,2,#INF,0
U56,2,2,36,0
U57,2,2,#INF,0
U58,2,2,36,0
U59,2,2,#INF,0
U60,2,2,36,0
U61,2,2,#INF,0
U62,2,2,36,0
U63,2,2,#INF,0
U64,2,2,36,0
U65,2,2,#INF,0
U66,2,2,36,0
U67,2,2,#INF,0
U68,2,2,22,0
U69,2,2,29,0
U70,2,2,17,0
U71,2,3,2,0
U72,2,2,1,0
U73,2,2,15,0
U74,2,2,22,0
U75,2,2,#INF,0
U76,2,2,36,0
U77,2,2,#INF,0
U78,2,2,36,0
U79,2,2,#INF,0
U80,2,2,35,0
U81,2,2,#INF,0
U82,2,2,35,0
U83,2,2,#INF,0
U84,2,2,35,0
U85,2,2,#INF,0
U86,2,2,61,0
U87,2,2,#INF,0
U88,2,2,61,0
U89,2,2,#INF,0
U90,2,2,61,0
U91,2,2,#INF,0
U92,2,2,#INF,0
U93,2,2,#INF,0
U94,2,2,35,0
U95,2,2,21,0
U96,2,2,1,0
U97,2,3,#INF,0
U98,1,1,#INF,0
U99,2,2,60,0
U100,2,2,#INF,0
U101,2,2,60,0
U102,2,2,#INF,0
U103,2,2,60,0
U104,2,2,#INF,0
U105,2,2,46,0
U106,2,2,#INF,0
U107,2,2,50,0
U108,2,2,#INF,0
U109,2,2,50,0
U110,2,2,#INF,0
U111,2,2,#INF,0
U112,2,2,#INF,0
U113,2,2,51,0
U114,2,2,#INF,0
U115,2,2,51,0
U116,2,2,#INF,0
U117,2,2,51,0
U118,2,2,#INF,0
U119,2,2,61,0
U120,2,2,#INF,0
U121,1,1,21,0
U122,2,2,22,0
U123,2,2,38,0
U124,2,2,22,0
U125,2,2,15,0
U126,2,2,14,0
U127,2,2,20,0
U128,2,2,25,0
U129,2,2,15,0
U130,2,2,14,0
U131,1,1,19,0
U132,1,1,15,0
U133,2,2,13,0
U134,2,2,13,0
U135,2,2,13,0
U136,2,2,13,0
U137,2,2,30,0
U138,2,2,26,0
U139,2,2,29,0
U140,2,2,25,0
U141,2,2,1,0
U142,2,2,33,0
U143,2,2,39,0
U144,2,2,44,0
U145,2,2,38,0
U146,2,2,39,0
U147,2,2,39,0
U148,2,2,39,0
U149,2,2,39,0
U150,2,2,39,0
U151,2,2,33,0
U152,2,2,33,0
U153,2,2,39,0
U154,2,2,44,0
U155,2,2,47,0
U156,2,2,37,0
U157,2,2,42,0
U158,2,2,52,0
U159,2,2,48,0
U160,2,2,52,0
U161,2,2,34,0
U162,2,2,37,0
U163,2,2,38,0
U164,2,2,38,0
U165,2,2,38,0
U166,2,2,38,0
U167,2,2,32,0
U168,2,2,34,0
U169,2,2,40,0
U170,2,2,37,0
U171,2,2,40,0
U172,2,2,40,0
U173,2,2,40,0
U174,2,2,26,0
U175,2,2,26,0
U176,2,2,26,0
U177,2,2,26,0
U178,2,2,16,0
U179,2,2,16,0
U180,2,2,16,0
U181,2,2,16,0
U182,2,2,30,0
U183,2,2,30,0
U184,2,2,30,0
U185,2,2,30,0
U186,2,2,30,0
U187,2,2,30,0
U188,2,2,16,0
U189,2,2,16,0
U190,2,2,16,0
U191,1,1,0,0
U192,2,3,0,0
U193,1,1,0,0
U194,1,1,0,0
U195,3,3,0,0
U196,3,3,0,0
U197,3,3,0,0
U198,2,3,#INF,0
U199,3,2,28,0
U200,3,3,0,0
U201,3,3,0,0
U202,1,1,0,0
U203,3,7,14,0
U204,3,7,14,0
U205,3,7,14,0
U206,3,7,14,0
U207,3,7,14,0
U208,5,2,0,0
U209,3,7,14,0
U210,3,7,14,0
U211,3,7,14,0
U212,3,7,14,0
U213,3,7,14,0
U214,3,7,14,0
U215,3,7,14,0
U216,3,7,14,0
U217,3,7,14,0
U218,3,7,14,0
U219,3,7,14,0
U220,3,7,14,0
U221,3,7,14,0
U222,3,7,10,0
U223,3,7,10,0
U224,3,7,10,0
U225,3,7,10,0
U226,3,7,10,0
U227,3,7,10,0
U228,3,7,10,0
U229,3,7,10,0
U230,3,7,10,0
U231,3,7,10,0
U232,3,7,10,0
U233,3,7,10,0
U234,3,7,10,0
U235,3,7,10,0
U236,3,7,10,0
U237,3,7,10,0
U238,3,7,10,0
U239,3,7,10,0
U240,3,7,10,0
U241,1,1,0,0
U242,2,5,11,0
U243,3,5,10,0
U244,3,7,10,0
U245,3,5,10,0
U246,1,1,37,0
U247,1,1,43,0
U248,1,1,48,0
U249,1,1,42,0
U250,1,1,43,0
U251,1,1,43,0
U252,1,1,43,0
U253,1,1,43,0
U254,1,1,43,0
U255,1,1,38,0
U256,1,1,37,0
U257,1,1,43,0
U258,1,1,48,0
U259,1,1,51,0
U260,1,1,41,0
U261,1,1,46,0
U262,1,1,56,0
U263,1,1,52,0
U264,1,1,56,0
U265,3,3,9,0
U266,1,1,19,0
U267,1,1,25,0
U268,3,3,9,0
U269,1,1,19,0
U270,1,1,25,0
U271,3,7,#INF,0
U272,3,3,1,0
U273,1,1,38,0
U274,1,1,41,0
U275,1,1,42,0
U276,1,1,40,0
U277,1,1,42,0
U278,1,1,42,0
U279,1,1,33,0
U280,1,1,38,0
U281,1,1,44,0
U282,1,1,39,0
U283,1,1,44,0
U284,1,1,44,0
U285,1,1,44,0
U286,3,3,9,0
U287,1,1,19,0
U288,1,1,25,0
U289,3,3,9,0
U290,1,1,19,0
U291,1,1,25,0
U292,3,7,#INF,0
U293,1,1,15,0
U294,1,1,19,0
U295,1,1,15,0
U296,1,1,19,0
U297,1,1,36,0
U298,1,1,#INF,0
U299,1,1,36,0
U300,1,1,#INF,0
U301,1,1,36,0
U302,1,1,#INF,0
U303,1,1,36,0
U304,1,1,#INF,0
U305,3,6,#INF,0
U306,3,6,#INF,0
U307,3,6,#INF,0
U308,3,6,#INF,0
U309,2,4,34,0
U310,2,4,34,0
U311,2,4,34,0
U312,2,4,34,0
U313,1,1,36,0
U314,1,1,#INF,0
U315,1,1,36,0
U316,1,1,#INF,0
U317,1,1,36,0
U318,1,1,#INF,0
U319,1,1,36,0
U320,1,1,#INF,0
U321,3,6,#INF,0
U322,3,6,#INF,0
U323,3,6,#INF,0
U324,3,6,#INF,0
U325,2,4,34,0
U326,2,4,34,0
U327,2,4,34,0
U328,2,4,34,0
U329,1,1,22,0
U330,1,1,29,0
U331,2,4,33,0
U332,2,4,20,0
U333,2,4,20,0
U334,2,4,20,0
U335,2,4,20,0
U336,2,4,34,0
U337,2,4,34,0
U338,2,4,34,0
U339,2,4,32,0
U340,2,4,27,0
U341,3,3,6,0
U342,1,1,15,0
U343,1,1,15,0
U344,1,1,23,0
U345,1,1,#INF,0
U346,1,1,37,0
U347,1,1,#INF,0
U348,1,1,37,0
U349,1,1,#INF,0
U350,3,5,#INF,0
U351,3,7,#INF,0
U352,3,7,#INF,0
U353,3,5,19,0
U354,3,5,33,0
U355,3,5,33,0
U356,1,1,35,0
U357,1,1,#INF,0
U358,1,1,35,0
U359,1,1,#INF,0
U360,1,1,35,0
U361,1,1,#INF,0
U362,3,6,#INF,0
U363,1,1,29,0
U364,3,6,#INF,0
U365,3,6,#INF,0
U366,2,4,33,0
U367,2,4,33,0
U368,2,4,33,0
U369,1,1,62,0
U370,1,1,#INF,0
U371,1,1,62,0
U372,1,1,#INF,0
U373,1,1,62,0
U374,1,1,#INF,0
U375,1,1,#INF,0
U376,1,1,#INF,0
U377,3,7,#INF,0
U378,3,7,#INF,0
U379,3,7,#INF,0
U380,3,7,#INF,0
U381,3,5,58,0
U382,3,5,58,0
U383,3,5,58,0
U384,3,5,#INF,0
U385,1,1,34,0
U386,1,1,21,0
U387,2,4,33,0
U388,2,4,34,0
U389,2,4,34,0
U390,2,4,34,0
U391,2,4,33,0
U392,2,4,34,0
U393,2,4,20,0
U394,2,4,20,0
U395,2,4,20,0
U396,2,4,19,0
U397,1,1,#INF,0
U398,2,3,#INF,0
U399,2,3,#INF,0
U400,2,3,#INF,0
U401,2,3,#INF,0
U402,1,1,61,0
U403,1,1,#INF,0
U404,1,1,61,0
U405,1,1,#INF,0
U406,1,1,61,0
U407,1,1,#INF,0
U408,3,7,#INF,0
U409,2,4,#INF,0
U410,3,7,#INF,0
U411,3,7,#INF,0
U412,3,5,57,0
U413,4,2,52,0
U414,3,5,57,0
U415,3,5,57,0
U416,1,1,47,0
U417,1,1,#INF,0
U418,1,1,51,0
U419,1,1,#INF,0
U420,1,1,51,0
U421,1,1,#INF,0
U422,3,5,#INF,0
U423,3,7,#INF,0
U424,3,7,#INF,0
U425,3,5,43,0
U426,3,5,47,0
U427,3,5,47,0
U428,1,1,#INF,0
U429,3,3,52,0
U430,3,3,#INF,0
U431,1,1,#INF,0
U432,3,3,37,0
U433,3,3,#INF,0
U434,3,5,#INF,0
U435,3,5,#INF,0
U436,1,1,52,0
U437,1,1,#INF,0
U438,1,1,52,0
U439,1,1,#INF,0
U440,1,1,52,0
U441,1,1,#INF,0
U442,1,1,62,0
U443,1,1,#INF,0
U444,3,7,#INF,0
U445,3,7,#INF,0
U446,3,7,#INF,0
U447,3,7,#INF,0
U448,3,5,48,0
U449,3,5,48,0
U450,3,5,48,0
U451,3,5,58,0
U452,1,1,27,0
U453,1,1,27,0
U454,1,1,27,0
U455,1,1,27,0
U456,2,2,28,0
U457,2,2,20,0
U458,1,1,15,0
U459,1,1,21,0
U460,1,1,24,0
U461,1,1,34,0
U462,2,4,#INF,0
U463,2,4,#INF,0
U464,2,4,19,0
U465,2,4,18,0
U466,1,1,15,0
U467,1,1,21,0
U468,1,1,15,0
U469,1,1,15,0
U470,1,1,15,0
U471,1,1,15,0
U472,1,1,31,0
U473,1,1,31,0
U474,1,1,31,0
U475,1,1,31,0
U476,1,1,31,0
U477,1,1,31,0
U478,1,1,27,0
U479,1,1,30,0
U480,1,1,26,0
U481,1,1,26,0
U482,3,3,1,0
U483,1,1,17,0
U484,1,1,17,0
U485,1,1,17,0
U486,1,1,17,0
U487,1,1,17,0
U488,1,1,17,0
U489,3,3,16,0
U490,1,1,18,0
U491,4,4,0,0
U492,4,4,0,0
U493,4,4,0,0
U494,4,4,0,0
U495,2,5,#INF,0
U496,2,5,#INF,0
U497,2,5,#INF,0
U498,2,5,#INF,0
U499,2,3,34,0
U500,2,3,34,0
U501,2,3,34,0
U502,2,3,34,0
U503,2,5,#INF,0
U504,2,5,#INF,0
U505,2,5,#INF,0
U506,2,5,#INF,0
U507,2,3,34,0
U508,2,3,34,0
U509,2,3,34,0
U510,2,3,34,0
U511,2,4,#INF,0
U512,2,6,#INF,0
U513,2,6,#INF,0
U514,2,4,20,0
U515,2,4,34,0
U516,2,4,34,0
U517,2,5,#INF,0
U518,2,5,#INF,0
U519,2,5,#INF,0
U520,2,3,33,0
U521,2,3,33,0
U522,2,3,33,0
U523,2,4,26,0
U524,2,6,#INF,0
U525,2,6,#INF,0
U526,2,6,#INF,0
U527,2,6,#INF,0
U528,2,4,59,0
U529,2,4,59,0
U530,2,4,59,0
U531,2,4,#INF,0
U532,2,6,#INF,0
U533,1,1,53,0
U534,2,6,#INF,0
U535,2,6,#INF,0
U536,2,4,58,0
U537,2,4,58,0
U538,2,4,58,0
U539,2,4,#INF,0
U540,2,6,#INF,0
U541,2,6,#INF,0
U542,2,4,44,0
U543,2,4,48,0
U544,2,4,48,0
U545,2,4,#INF,0
U546,2,4,#INF,0
U547,2,6,#INF,0
U548,2,6,#INF,0
U549,2,6,#INF,0
U550,2,6,#INF,0
U551,2,4,49,0
U552,2,4,49,0
U553,2,4,49,0
U554,2,4,59,0
U555,4,2,24,0
U556,4,2,24,0
U557,4,2,24,0
U558,4,2,24,0
U559,4,2,28,0
U560,4,2,28,0
U561,4,2,28,0
U562,4,2,28,0
U563,4,2,28,0
U564,4,2,28,0
U565,4,4,0,0
U566,4,2,14,0
U567,4,2,14,0
U568,4,2,14,0
U569,4,2,14,0
U570,4,2,14,0
U571,4,2,14,0
U572,1,1,0,0
U573,2,3,13,0
U574,2,4,13,0
U575,3,6,14,0
U576,3,6,14,0
U577,3,6,14,0
U578,3,6,14,0
U579,3,6,14,0
U580,3,6,14,0
U581,3,6,14,0
U582,3,6,14,0
U583,3,6,14,0
U584,2,3,13,0
U585,2,4,13,0
U586,3,6,14,0
U587,3,6,14,0
U588,3,6,14,0
U589,3,6,14,0
U590,3,6,14,0
U591,3,6,14,0
U592,3,6,14,0
U593,3,6,14,0
U594,3,6,14,0
U595,2,3,13,0
U596,2,4,13,0
U597,3,6,10,0
U598,2,3,13,0
U599,2,4,13,0
U600,3,6,10,0
U601,3,6,10,0
U602,3,6,10,0
U603,3,6,10,0
U604,3,6,10,0
U605,3,6,10,0
U606,3,6,10,0
U607,3,6,10,0
U608,3,6,10,0
U609,3,6,10,0
U610,3,6,10,0
U611,3,6,10,0
U612,3,6,10,0
U613,3,6,10,0
U614,3,6,10,0
U615,3,6,10,0
U616,3,6,10,0
U617,3,6,10,0
U618,3,6,10,0
U619,3,6,10,0
U620,3,6,10,0
U621,3,6,#INF,0
U622,3,6,#INF,0
U623,6,6,#INF,0
U624,6,6,#INF,0
U625,6,6,#INF,0
U626,6,6,#INF,0
U627,7,2,29,0
U628,7,2,29,0
U629,7,2,29,0
U630,7,2,29,0
U631,6,6,#INF,0
U632,6,6,#INF,0
U633,6,6,#INF,0
U634,6,6,#INF,0
U635,7,2,29,0
U636,7,2,29,0
U637,7,2,29,0
U638,7,2,29,0
U639,2,3,33,0
U640,2,3,20,0
U641,2,3,20,0
U642,2,3,20,0
U643,2,3,20,0
U644,2,3,34,0
U645,2,3,34,0
U646,2,3,34,0
U647,2,3,32,0
U648,2,3,27,0
U649,1,1,17,0
U650,6,5,#INF,0
U651,6,7,#INF,0
U652,6,7,#INF,0
U653,8,2,28,0
U654,8,2,28,0
U655,6,5,16,0
U656,6,6,#INF,0
U657,6,6,#INF,0
U658,6,6,#INF,0
U659,7,2,28,0
U660,7,2,28,0
U661,7,2,28,0
U662,6,7,#INF,0
U663,6,7,#INF,0
U664,6,7,#INF,0
U665,6,7,#INF,0
U666,8,2,53,0
U667,8,2,53,0
U668,8,2,53,0
U669,8,2,#INF,0
U670,2,3,33,0
U671,2,3,34,0
U672,2,3,34,0
U673,2,3,34,0
U674,2,3,34,0
U675,2,3,20,0
U676,2,3,20,0
U677,2,3,20,0
U678,2,3,19,0
U679,4,2,31,0
U680,2,3,#INF,0
U681,2,3,#INF,0
U682,2,3,#INF,0
U683,2,3,#INF,0
U684,6,7,#INF,0
U685,6,7,#INF,0
U686,6,7,#INF,0
U687,8,2,52,0
U688,8,2,52,0
U689,8,2,52,0
U690,6,5,#INF,0
U691,6,7,#INF,0
U692,6,7,#INF,0
U693,8,2,42,0
U694,8,2,42,0
U695,1,1,53,0
U696,1,1,#INF,0
U697,1,1,38,0
U698,1,1,#INF,0
U699,6,5,#INF,0
U700,3,8,#INF,0
U701,6,5,#INF,0
U702,3,8,#INF,0
U703,3,6,49,0
U704,3,6,34,0
U705,6,7,#INF,0
U706,6,7,#INF,0
U707,6,7,#INF,0
U708,6,7,#INF,0
U709,8,2,43,0
U710,8,2,43,0
U711,8,2,43,0
U712,8,2,53,0
U713,5,5,21,0
U714,5,5,21,0
U715,1,1,25,0
U716,1,1,25,0
U717,3,6,22,0
U718,3,6,22,0
U719,3,6,22,0
U720,3,6,22,0
U721,3,6,21,0
U722,3,6,21,0
U723,3,6,21,0
U724,3,6,21,0
U725,5,5,25,0
U726,5,5,25,0
U727,5,5,25,0
U728,3,6,22,0
U729,3,6,22,0
U730,3,6,22,0
U731,3,6,22,0
U732,3,6,22,0
U733,3,6,21,0
U734,3,6,21,0
U735,3,6,21,0
U736,3,6,21,0
U737,3,6,21,0
U738,5,5,11,0
U739,5,5,11,0
U740,2,4,50,0
U741,6,5,40,0
U742,1,1,17,0
U743,5,2,14,0
U744,5,5,11,0
U745,1,1,16,0
U746,5,4,#INF,0
U747,5,4,#INF,0
U748,5,4,#INF,0
U749,5,4,#INF,0
U750,1,1,30,0
U751,1,1,30,0
U752,1,1,30,0
U753,1,1,30,0
U754,1,1,30,0
U755,1,1,30,0
U756,1,1,30,0
U757,1,1,30,0
U758,5,4,17,0
U759,5,4,17,0
U760,5,4,17,0
U761,5,4,17,0
U762,5,4,31,0
U763,5,4,31,0
U764,5,4,31,0
U765,5,4,29,0
U766,5,4,24,0
U767,1,1,29,0
U768,1,1,29,0
U769,1,1,26,0
U770,1,1,29,0
U771,1,1,29,0
U772,1,1,29,0
U773,1,1,54,0
U774,1,1,54,0
U775,1,1,54,0
U776,1,1,#INF,0
U777,5,4,31,0
U778,5,4,31,0
U779,5,4,31,0
U780,5,4,31,0
U781,5,4,17,0
U782,5,4,17,0
U783,5,4,17,0
U784,5,4,16,0
U785,1,1,53,0
U786,1,1,53,0
U787,1,1,53,0
U788,1,1,43,0
U789,1,1,43,0
U790,2,6,#INF,0
U791,2,6,#INF,0
U792,2,4,50,0
U793,2,4,35,0
U794,1,1,#INF,0
U795,1,1,26,0
U796,1,1,44,0
U797,1,1,44,0
U798,1,1,44,0
U799,1,1,54,0
U800,2,8,22,0
U801,5,4,30,0
U802,5,4,30,0
U803,1,1,40,0
U804,4,2,14,0
U805,1,1,16,0
U806,3,8,#INF,0
U807,2,5,13,0
U808,2,6,13,0
U809,2,5,13,0
U810,2,6,13,0
U811,3,8,#INF,0
U812,2,5,13,0
U813,2,6,13,0
U814,2,5,13,0
U815,2,6,13,0
U816,3,8,#INF,0
U817,3,8,#INF,0
U818,2,4,52,0
U819,2,4,58,0
U820,2,4,27,0
U821,2,4,27,0
U822,2,4,27,0
U823,2,4,27,0
U824,2,4,27,0
U825,2,4,27,0
U826,2,4,27,0
U827,2,4,27,0
U828,2,4,26,0
U829,2,4,26,0
U830,7,6,15,0
U831,2,4,26,0
U832,2,4,26,0
U833,2,4,26,0
U834,6,7,#INF,0
U835,6,7,#INF,0
U836,8,2,44,0
U837,8,2,29,0
U838,1,1,21,0
U839,1,1,21,0
U840,3,14,16,0
U841,2,5,22,0
U842,2,4,#INF,0
U843,1,1,53,0
U844,1,1,29,0
U845,1,1,29,0
U846,6,6,28,0
U847,6,6,24,0
U848,5,3,38,0
U849,5,3,37,0
U850,5,3,30,0
U851,1,1,15,0
U852,1,1,15,0
U853,2,4,51,0
U854,2,4,51,0
U855,2,4,51,0
U856,2,4,51,0
U857,2,4,41,0
U858,2,4,41,0
U859,2,4,41,0
U860,2,4,50,0
U861,2,4,50,0
U862,2,4,50,0
U863,2,4,40,0
U864,2,4,40,0
U865,1,1,40,0
U866,5,5,11,0
U867,1,1,15,0
U868,2,6,22,0
U869,1,1,16,0
U870,1,1,16,0
U871,2,6,22,0
U872,1,1,0,0
U873,11,5,4,0
U874,11,5,4,0
U875,1,1,0,0
U876,11,5,4,0
U877,11,5,4,0
U878,1,1,0,0
U879,1,1,0,0
U880,2,6,27,0
U881,2,6,33,0
U882,2,6,38,0
U883,2,6,53,0
U884,2,6,50,0
U885,2,6,45,0
U886,2,6,41,0
U887,2,6,36,0
U888,2,6,27,0
U889,2,6,33,0
U890,2,6,38,0
U891,2,6,57,0
U892,2,6,62,0
U893,2,6,68,0
U894,2,6,72,0
U895,2,6,77,0
U896,1,1,25,0
U897,1,1,27,0
U898,6,5,21,0
U899,2,6,22,0
U900,2,6,28,0
U901,2,6,47,0
U902,2,6,48,0
U903,2,6,43,0
U904,1,1,33,0
U905,6,5,35,0
U906,1,1,25,0
U907,1,1,27,0
U908,6,5,21,0
U909,2,6,22,0
U910,2,6,28,0
U911,2,6,53,0
U912,2,6,64,0
U913,2,6,69,0
U914,6,5,71,0
U915,1,1,39,0
U916,6,5,25,0
U917,1,1,45,0
U918,1,1,30,0
U919,1,1,34,0
U920,1,1,34,0
U921,1,1,46,0
U922,1,1,45,0
U923,2,5,22,0
U924,6,5,33,0
U925,6,5,39,0
U926,6,5,44,0
U927,6,5,38,0
U928,6,5,39,0
U929,6,5,39,0
U930,6,5,39,0
U931,6,5,39,0
U932,6,5,39,0
U933,2,7,#INF,0
U934,6,5,33,0
U935,6,5,39,0
U936,6,5,44,0
U937,6,5,47,0
U938,6,5,37,0
U939,6,5,42,0
U940,6,5,52,0
U941,6,5,48,0
U942,6,5,52,0
U943,2,7,64,0
U944,2,7,66,0
U945,6,5,34,0
U946,6,5,37,0
U947,6,5,38,0
U948,6,5,38,0
U949,6,5,38,0
U950,2,7,#INF,0
U951,6,5,34,0
U952,6,5,40,0
U953,6,5,40,0
U954,6,5,40,0
U955,6,5,40,0
U956,2,7,64,0
U957,6,5,30,0
U958,6,5,30,0
U959,6,5,30,0
U960,6,5,30,0
U961,6,5,16,0
U962,6,5,16,0
U963,6,5,16,0
U964,6,5,16,0
U965,6,5,30,0
U966,6,5,30,0
U967,6,5,30,0
U968,6,5,30,0
U969,6,5,30,0
U970,6,5,16,0
U971,6,5,16,0
U972,6,5,16,0
U973,6,5,16,0
U974,7,2,9,0
U975,7,2,9,0
U976,1,1,44,0
U977,3,2,38,0
U978,1,1,16,0
U979,1,1,16,0
U980,1,1,16,0
U981,1,1,16,0
U982,1,1,16,0
U983,1,1,16,0
U984,1,1,16,0
U985,1,1,16,0
U986,1,1,16,0
U987,1,1,16,0
U988,1,1,16,0
U989,1,1,16,0
U990,1,1,16,0
U991,4,9,0,0
U992,4,9,0,0
U993,4,9,0,0
U994,4,9,0,0
U995,2,10,11,0
U996,1,1,39,0
U997,5,2,36,0
U998,5,2,35,0
U999,1,1,38,0
U1000,2,4,42,0
U1001,2,4,27,0
U1002,1,1,34,0
U1003,2,9,17,0
U1004,2,9,17,0
U1005,3,6,16,0
U1006,2,8,23,0
U1007,2,8,23,0
U1008,2,8,23,0
U1009,2,8,23,0
U1010,2,8,22,0
U1011,2,8,22,0
U1012,1,1,54,0
U1013,1,1,54,0
U1014,1,1,54,0
U1015,1,1,54,0
U1016,1,1,53,0
U1017,1,1,53,0
U1018,1,1,53,0
U1019,6,2,48,0
U1020,1,1,29,0
U1021,1,1,29,0
U1022,7,18,16,0
U1023,3,10,20,0
U1024,2,8,23,0
U1025,2,8,23,0
U1026,2,8,23,0
U1027,2,8,23,0
U1028,2,8,22,0
U1029,2,8,22,0
U1030,2,8,22,0
U1031,2,10,22,0
U1032,5,8,6,0
U1033,1,1,44,0
U1034,1,1,44,0
U1035,1,1,45,0
U1036,1,1,43,0
U1037,1,1,43,0
U1038,7,2,38,0
U1039,1,1,15,0
U1040,7,2,9,0
U1041,3,7,10,0
U1042,3,7,10,0
U1043,3,7,10,0
U1044,3,7,10,0
U1045,2,7,19,0
U1046,3,10,18,0
U1047,2,7,19,0
U1048,3,10,18,0
U1049,1,1,34,0
U1050,7,2,31,0
U1051,1,1,40,0
U1052,7,2,37,0
U1053,1,1,45,0
U1054,7,2,42,0
U1055,1,1,39,0
U1056,7,2,36,0
U1057,1,1,40,0
U1058,7,2,37,0
U1059,1,1,40,0
U1060,7,2,37,0
U1061,1,1,40,0
U1062,7,2,37,0
U1063,1,1,40,0
U1064,7,2,37,0
U1065,1,1,40,0
U1066,7,2,37,0
U1067,1,1,#INF,0
U1068,7,2,31,0
U1069,1,1,34,0
U1070,7,2,37,0
U1071,1,1,40,0
U1072,7,2,42,0
U1073,1,1,45,0
U1074,7,2,45,0
U1075,1,1,48,0
U1076,7,2,35,0
U1077,1,1,38,0
U1078,7,2,40,0
U1079,1,1,43,0
U1080,7,2,50,0
U1081,1,1,53,0
U1082,7,2,46,0
U1083,1,1,49,0
U1084,7,2,50,0
U1085,1,1,53,0
U1086,1,1,35,0
U1087,7,2,32,0
U1088,1,1,38,0
U1089,7,2,35,0
U1090,1,1,39,0
U1091,7,2,36,0
U1092,4,2,36,0
U1093,1,1,39,0
U1094,7,2,36,0
U1095,1,1,39,0
U1096,7,2,36,0
U1097,2,8,46,0
U1098,2,8,#INF,0
U1099,2,3,39,0
U1100,1,1,#INF,0
U1101,7,2,32,0
U1102,1,1,35,0
U1103,7,2,38,0
U1104,1,1,41,0
U1105,4,2,35,0
U1106,7,2,38,0
U1107,1,1,41,0
U1108,7,2,38,0
U1109,1,1,41,0
U1110,7,2,38,0
U1111,1,1,41,0
U1112,2,8,72,0
U1113,2,8,69,0
U1114,1,1,34,0
U1115,1,1,34,0
U1116,7,2,28,0
U1117,1,1,33,0
U1118,1,1,32,0
U1119,7,2,28,0
U1120,1,1,34,0
U1121,1,1,34,0
U1122,1,1,34,0
U1123,1,1,34,0
U1124,7,2,28,0
U1125,1,1,33,0
U1126,10,6,13,0
U1127,7,6,13,0
U1128,1,1,52,0
U1129,6,2,49,0
U1130,6,2,49,0
U1131,6,2,49,0
U1132,6,2,49,0
U1133,1,1,51,0
U1134,6,2,48,0
U1135,6,2,48,0
U1136,6,2,48,0
U1137,2,9,21,0
U1138,2,9,21,0
U1139,2,8,23,0
U1140,1,1,24,0
U1141,3,7,38,0
U1142,1,1,71,0
U1143,3,7,64,0
U1144,1,1,73,0
U1145,3,7,#INF,0
U1146,2,2,32,0
U1147,2,2,33,0
U1148,2,2,#INF,0
U1149,2,2,45,0
U1150,2,2,#INF,0
U1151,3,7,37,0
U1152,1,1,71,0
U1153,2,2,44,0
U1154,2,2,39,0
U1155,3,7,64,0
U1156,2,2,44,0
U1157,2,2,39,0
U1158,2,2,51,0
U1159,7,6,#INF,0
U1160,2,2,#INF,0
U1161,1,1,20,0
U1162,1,1,20,0
U1163,1,1,20,0
U1164,1,1,20,0
U1165,1,1,20,0
U1166,1,1,20,0
U1167,1,1,20,0
U1168,1,1,20,0
U1169,6,2,39,0
U1170,6,2,39,0
U1171,6,2,38,0
U1172,6,2,38,0
U1173,5,4,35,0
U1174,7,2,9,0
U1175,2,17,0,0
U1176,1,1,16,0
U1177,4,2,31,0
U1178,4,2,37,0
U1179,4,2,42,0
U1180,4,2,36,0
U1181,4,2,37,0
U1182,4,2,37,0
U1183,4,2,37,0
U1184,4,2,37,0
U1185,4,2,37,0
U1186,4,2,31,0
U1187,4,2,37,0
U1188,4,2,42,0
U1189,4,2,45,0
U1190,4,2,35,0
U1191,4,2,40,0
U1192,4,2,50,0
U1193,4,2,46,0
U1194,4,2,50,0
U1195,4,2,32,0
U1196,4,2,35,0
U1197,4,2,36,0
U1198,5,5,33,0
U1199,4,2,36,0
U1200,4,2,36,0
U1201,4,2,32,0
U1202,4,2,38,0
U1203,5,5,32,0
U1204,4,2,38,0
U1205,4,2,38,0
U1206,4,2,38,0
U1207,7,2,28,0
U1208,7,2,28,0
U1209,6,2,28,0
U1210,5,2,28,0
U1211,7,2,28,0
U1212,7,2,28,0
U1213,7,2,28,0
U1214,7,2,28,0
U1215,6,2,28,0
U1216,1,1,13,0
U1217,5,7,46,0
U1218,5,7,46,0
U1219,5,7,45,0
U1220,5,7,45,0
U1221,10,10,13,0
U1222,10,6,17,0
U1223,9,4,32,0
U1224,7,2,14,0
U1225,7,2,14,0
U1226,7,2,14,0
U1227,7,2,14,0
U1228,7,2,14,0
U1229,7,2,14,0
U1230,7,2,14,0
U1231,7,2,14,0
U1232,13,8,6,0
U1233,3,5,41,0
U1234,5,7,36,0
U1235,5,7,35,0
U1236,5,8,6,0
U1237,2,17,0,0
U1238,5,5,28,0
U1239,5,5,34,0
U1240,5,5,39,0
U1241,5,5,33,0
U1242,5,5,34,0
U1243,5,5,34,0
U1244,5,5,34,0
U1245,5,5,34,0
U1246,5,5,34,0
U1247,1,1,43,0
U1248,5,5,28,0
U1249,5,5,34,0
U1250,5,5,39,0
U1251,5,5,42,0
U1252,5,5,32,0
U1253,5,5,37,0
U1254,5,5,47,0
U1255,5,5,43,0
U1256,5,5,47,0
U1257,5,5,29,0
U1258,5,5,32,0
U1259,5,5,33,0
U1260,5,5,33,0
U1261,5,5,33,0
U1262,4,2,30,0
U1263,1,1,33,0
U1264,1,1,39,0
U1265,1,1,#INF,0
U1266,1,1,52,0
U1267,1,1,#INF,0
U1268,1,1,42,0
U1269,5,5,29,0
U1270,5,5,35,0
U1271,5,5,35,0
U1272,5,5,35,0
U1273,5,5,35,0
U1274,1,1,43,0
U1275,1,1,43,0
U1276,5,8,25,0
U1277,5,7,25,0
U1278,5,6,25,0
U1279,5,8,25,0
U1280,5,8,25,0
U1281,5,7,25,0
U1282,2,7,23,0
U1283,1,1,64,0
U1284,1,1,#INF,0
U1285,1,1,52,0
U1286,1,1,64,0
U1287,1,1,52,0
U1288,1,1,59,0
U1289,1,1,#INF,0
U1290,1,1,#INF,0
U1291,5,8,11,0
U1292,5,8,11,0
U1293,5,8,11,0
U1294,5,8,11,0
U1295,1,1,41,0
U1296,17,11,6,0
U1297,3,12,51,0
U1298,4,2,30,0
U1299,1,1,37,0
U1300,3,12,75,0
U1301,3,12,#INF,0
U1302,1,1,13,0
U1303,10,2,4,0
U1304,1,1,46,0
U1305,1,1,45,0
U1306,6,8,51,0
U1307,6,8,45,0
U1308,6,8,50,0
U1309,6,8,44,0
U1310,1,1,16,0
U1311,4,2,21,0
U1312,6,6,32,0
U1313,6,6,31,0
U1314,6,6,#INF,0
U1315,1,1,44,0
U1316,7,2,39,0
U1317,1,1,42,0
U1318,1,1,38,0
U1319,9,2,33,0
U1320,3,12,21,0
U1321,3,18,21,0
U1322,4,24,20,0
U1323,3,16,18,0
U1324,3,12,21,0
U1325,3,18,21,0
U1326,4,24,20,0
U1327,3,16,18,0
U1328,1,1,41,0
U1329,7,23,25,0
U1330,3,12,61,0
U1331,4,18,60,0
U1332,6,17,58,0
U1333,3,12,#INF,0
U1334,4,18,#INF,0
U1335,3,12,56,0
U1336,6,11,53,0
U1337,3,12,#INF,0
U1338,7,28,24,0
U1339,3,12,52,0
U1340,3,18,52,0
U1341,4,24,51,0
U1342,4,29,51,0
U1343,3,12,49,0
U1344,4,18,48,0
U1345,4,24,48,0
U1346,3,24,49,0
U1347,3,12,44,0
U1348,3,18,44,0
U1349,3,19,44,0
U1350,3,12,40,0
U1351,3,13,40,0
U1352,2,7,36,0
U1353,7,23,25,0
U1354,3,12,74,0
U1355,4,18,73,0
U1356,6,17,71,0
U1357,3,12,67,0
U1358,4,18,67,0
U1359,3,12,74,0
U1360,7,28,24,0
U1361,3,12,56,0
U1362,3,18,56,0
U1363,4,24,55,0
U1364,4,29,55,0
U1365,3,12,76,0
U1366,4,18,75,0
U1367,4,24,75,0
U1368,7,23,72,0
U1369,3,12,#INF,0
U1370,4,18,#INF,0
U1371,4,24,#INF,0
U1372,3,12,80,0
U1373,3,18,80,0
U1374,6,17,77,0
U1375,3,12,#INF,0
U1376,3,18,#INF,0
U1377,3,12,71,0
U1378,6,11,71,0
U1379,6,11,68,0
U1380,1,1,40,0
U1381,3,15,25,0
U1382,2,14,46,0
U1383,2,13,46,0
U1384,2,14,#INF,0
U1385,3,12,55,0
U1386,6,11,52,0
U1387,3,12,#INF,0
U1388,3,24,16,0
U1389,3,10,46,0
U1390,3,18,46,0
U1391,4,24,45,0
U1392,7,28,42,0
U1393,4,18,50,0
U1394,7,23,47,0
U1395,3,20,51,0
U1396,3,12,47,0
U1397,7,17,43,0
U1398,3,15,47,0
U1399,6,11,39,0
U1400,3,9,42,0
U1401,5,5,27,0
U1402,3,15,25,0
U1403,2,14,72,0
U1404,2,13,72,0
U1405,2,14,66,0
U1406,3,12,74,0
U1407,3,24,16,0
U1408,3,10,52,0
U1409,3,18,52,0
U1410,4,24,51,0
U1411,7,28,48,0
U1412,4,18,74,0
U1413,7,23,71,0
U1414,3,19,75,0
U1415,4,18,#INF,0
U1416,7,23,#INF,0
U1417,3,12,76,0
U1418,7,17,72,0
U1419,3,13,76,0
U1420,3,12,#INF,0
U1421,7,17,#INF,0
U1422,6,11,67,0
U1423,6,11,71,0
U1424,2,7,71,0
U1425,1,1,30,0
U1426,1,1,30,0
U1427,1,1,31,0
U1428,1,1,31,0
U1429,6,7,33,0
U1430,6,7,24,0
U1431,6,8,34,0
U1432,6,8,24,0
U1433,10,2,4,0
U1434,1,1,13,0
U1435,13,2,4,0
U1436,6,6,33,0
U1437,6,6,46,0
U1438,6,6,#INF,0
U1439,6,6,46,0
U1440,6,6,#INF,0
U1441,6,6,#INF,0
U1442,6,6,38,0
U1443,6,6,33,0
U1444,6,6,33,0
U1445,6,6,33,0
U1446,6,6,33,0
U1447,6,6,54,0
U1448,6,6,49,0
U1449,6,6,44,0
U1450,6,6,39,0
U1451,6,6,54,0
U1452,6,6,49,0
U1453,6,6,44,0
U1454,6,6,39,0
U1455,6,6,51,0
U1456,6,6,46,0
U1457,6,6,41,0
U1458,6,6,36,0
U1459,6,6,31,0
U1460,6,6,#INF,0
U1461,6,6,#INF,0
U1462,6,6,#INF,0
U1463,6,6,#INF,0
U1464,6,6,#INF,0
U1465,6,6,#INF,0
U1466,6,6,37,0
U1467,6,6,32,0
U1468,6,6,32,0
U1469,6,6,32,0
U1470,6,6,54,0
U1471,6,6,49,0
U1472,6,6,54,0
U1473,6,6,49,0
U1474,6,6,46,0
U1475,6,6,41,0
U1476,6,6,36,0
U1477,6,6,#INF,0
U1478,6,6,#INF,0
U1479,6,6,#INF,0
U1480,1,1,18,0
U1481,1,1,18,0
U1482,1,1,18,0
U1483,1,1,18,0
U1484,6,2,39,0
U1485,6,2,33,0
U1486,15,8,9,0
U1487,16,6,5,0
U1488,15,8,9,0
U1489,16,6,5,0
U1490,19,8,36,0
U1491,6,7,71,0
U1492,19,8,40,0
U1493,6,7,68,0
U1494,22,8,27,0
U1495,1,1,39,0
U1496,6,7,71,0
U1497,22,8,33,0
U1498,9,7,64,0
U1499,1,1,39,0
U1500,1,1,#INF,0
U1501,5,11,1,0
U1502,1,1,52,0
U1503,1,1,46,0
U1504,1,1,51,0
U1505,1,1,45,0
U1506,3,18,41,0
U1507,3,12,41,0
U1508,3,18,40,0
U1509,3,12,40,0
U1510,10,2,4,0
U1511,4,2,21,0
U1512,18,8,46,0
U1513,7,12,#INF,0
U1514,13,8,46,0
U1515,7,6,#INF,0
U1516,19,8,33,0
U1517,14,8,33,0
U1518,10,8,33,0
U1519,5,7,33,0
U1520,18,8,59,0
U1521,7,12,59,0
U1522,17,8,66,0
U1523,23,8,56,0
U1524,7,11,#INF,0
U1525,7,27,#INF,0
U1526,15,7,33,0
U1527,10,9,#INF,0
U1528,13,8,45,0
U1529,7,6,#INF,0
U1530,22,6,32,0
U1531,18,8,32,0
U1532,13,8,32,0
U1533,15,7,59,0
U1534,10,9,59,0
U1535,18,8,61,0
U1536,22,6,56,0
U1537,7,15,#INF,0
U1538,7,25,#INF,0
U1539,10,2,9,0
U1540,10,2,9,0
U1541,10,2,9,0
U1542,10,2,9,0
U1543,5,7,36,0
U1544,5,7,30,0
U1545,1,1,#INF,0
U1546,8,52,0,0
U1547,4,40,0,0
U1548,4,40,0,0
U1549,8,52,0,0
U1550,8,2,31,0
U1551,1,1,34,0
U1552,1,1,53,0
U1553,1,1,#INF,0
U1554,1,1,53,0
U1555,1,1,#INF,0
U1556,8,2,#INF,0
U1557,1,1,#INF,0
U1558,8,2,36,0
U1559,1,1,44,0
U1560,2,30,53,0
U1561,1,1,40,0
U1562,1,1,40,0
U1563,1,1,40,0
U1564,1,1,39,0
U1565,1,1,44,0
U1566,1,1,47,0
U1567,1,1,47,0
U1568,1,1,39,0
U1569,1,1,#INF,0
U1570,8,2,#INF,0
U1571,1,1,#INF,0
U1572,8,2,35,0
U1573,1,1,43,0
U1574,2,26,47,0
U1575,1,1,37,0
U1576,1,1,39,0
U1577,8,2,30,0
U1578,1,1,35,0
U1579,1,1,40,0
U1580,1,1,31,0
U1581,1,1,32,0
U1582,1,1,32,0
U1583,1,1,32,0
U1584,7,24,16,0
U1585,3,11,20,0
U1586,7,26,16,0
U1587,3,12,20,0
U1588,6,12,0,0
U1589,2,10,22,0
U1590,2,11,42,0
U1591,2,5,42,0
U1592,2,11,41,0
U1593,2,5,41,0
U1594,5,11,1,0
U1595,1,1,64,0
U1596,1,1,57,0
U1597,1,1,52,0
U1598,1,1,60,0
U1599,1,1,57,0
U1600,1,1,52,0
U1601,1,1,61,0
U1602,1,1,54,0
U1603,1,1,49,0
U1604,1,1,44,0
U1605,1,1,#INF,0
U1606,1,1,#INF,0
U1607,1,1,#INF,0
U1608,1,1,#INF,0
U1609,1,1,63,0
U1610,1,1,57,0
U1611,1,1,60,0
U1612,1,1,57,0
U1613,1,1,50,0
U1614,1,1,48,0
U1615,1,1,44,0
U1616,1,1,#INF,0
U1617,1,1,#INF,0
U1618,1,1,#INF,0
U1619,5,11,6,0
U1620,5,11,6,0
U1621,8,32,16,0
U1622,4,24,17,0
U1623,8,32,16,0
U1624,4,24,17,0
U1625,1,1,17,0
U1626,4,2,31,0
U1627,1,1,51,0
U1628,10,2,44,0
U1629,1,1,#INF,0
U1630,14,2,#INF,0
U1631,1,1,51,0
U1632,10,2,44,0
U1633,1,1,#INF,0
U1634,8,2,#INF,0
U1635,9,2,#INF,0
U1636,9,2,36,0
U1637,22,9,33,0
U1638,1,1,38,0
U1639,10,2,31,0
U1640,1,1,38,0
U1641,10,2,31,0
U1642,1,1,38,0
U1643,10,2,31,0
U1644,1,1,38,0
U1645,9,2,31,0
U1646,1,1,42,0
U1647,1,1,34,0
U1648,9,2,31,0
U1649,1,1,#INF,0
U1650,11,2,#INF,0
U1651,1,1,46,0
U1652,10,2,43,0
U1653,1,1,#INF,0
U1654,8,2,#INF,0
U1655,9,2,#INF,0
U1656,9,2,35,0
U1657,25,9,24,0
U1658,1,1,37,0
U1659,8,2,30,0
U1660,1,1,37,0
U1661,10,2,30,0
U1662,1,1,37,0
U1663,10,2,30,0
U1664,6,2,30,0
U1665,1,1,38,0
U1666,2,11,21,0
U1667,2,12,21,0
U1668,2,12,21,0
U1669,2,12,21,0
U1670,9,7,15,0
U1671,12,6,38,0
U1672,6,6,38,0
U1673,12,6,37,0
U1674,6,6,37,0
U1675,1,1,36,0
U1676,6,12,0,0
U1677,5,5,18,0
U1678,2,4,21,0
U1679,13,8,64,0
U1680,1,1,68,0
U1681,1,1,64,0
U1682,1,1,62,0
U1683,1,1,72,0
U1684,10,2,64,0
U1685,13,8,61,0
U1686,1,1,66,0
U1687,1,1,#INF,0
U1688,13,2,#INF,0
U1689,1,1,#INF,0
U1690,1,1,#INF,0
U1691,13,8,64,0
U1692,1,1,68,0
U1693,1,1,64,0
U1694,1,1,62,0
U1695,12,8,61,0
U1696,1,1,68,0
U1697,1,1,66,0
U1698,1,1,#INF,0
U1699,17,2,#INF,0
U1700,1,1,#INF,0
U1701,1,1,#INF,0
U1702,1,1,42,0
U1703,9,2,34,0
U1704,24,9,0,0
U1705,21,7,0,0
U1706,24,9,0,0
U1707,21,7,0,0
U1708,1,1,17,0
U1709,5,5,28,0
U1710,8,2,44,0
U1711,8,2,#INF,0
U1712,8,2,44,0
U1713,8,2,#INF,0
U1714,5,9,#INF,0
U1715,5,9,33,0
U1716,8,2,31,0
U1717,8,2,31,0
U1718,8,2,31,0
U1719,8,2,31,0
U1720,4,2,31,0
U1721,4,2,#INF,0
U1722,4,2,43,0
U1723,4,2,#INF,0
U1724,5,9,#INF,0
U1725,5,9,32,0
U1726,8,2,30,0
U1727,8,2,30,0
U1728,8,2,30,0
U1729,5,7,27,0
U1730,12,10,13,0
U1731,12,6,17,0
U1732,13,10,13,0
U1733,13,6,17,0
U1734,1,1,18,0
U1735,1,1,19,0
U1736,8,5,15,0
U1737,9,2,64,0
U1738,9,2,#INF,0
U1739,8,2,#INF,0
U1740,9,2,34,0
U1741,13,7,31,0
U1742,13,7,30,0
U1743,2,11,15,0
U1744,2,11,15,0
U1745,2,11,11,0
U1746,1,1,0,0
U1747,2,11,11,0
U1748,5,9,41,0
U1749,5,9,#INF,0
U1750,5,9,41,0
U1751,5,9,#INF,0
U1752,1,1,41,0
U1753,1,1,37,0
U1754,5,9,28,0
U1755,5,9,28,0
U1756,5,9,28,0
U1757,5,9,28,0
U1758,2,11,31,0
U1759,2,3,42,0
U1760,5,5,28,0
U1761,5,5,#INF,0
U1762,5,5,40,0
U1763,5,5,#INF,0
U1764,1,1,40,0
U1765,1,1,24,0
U1766,5,9,27,0
U1767,5,9,27,0
U1768,5,9,27,0
U1769,2,11,30,0
U1770,2,3,38,0
U1771,1,1,70,0
U1772,10,2,62,0
U1773,1,1,70,0
U1774,3,2,62,0
U1775,5,10,61,0
U1776,1,1,70,0
U1777,5,10,#INF,0
U1778,1,1,#INF,0
U1779,1,1,70,0
U1780,10,2,62,0
U1781,1,1,70,0
U1782,3,2,62,0
U1783,1,1,68,0
U1784,10,2,59,0
U1785,5,9,#INF,0
U1786,1,1,#INF,0
U1787,17,13,6,0
U1788,17,14,6,0
U1789,5,10,31,0
U1790,1,1,#INF,0
U1791,1,1,#INF,0
U1792,2,9,11,0
U1793,1,1,37,0
U1794,1,1,37,0
U1795,6,19,31,0
U1796,6,19,31,0
U1797,2,11,31,0
U1798,1,1,24,0
U1799,1,1,36,0
U1800,6,15,18,0
U1801,6,15,30,0
U1802,2,11,30,0
U1803,2,10,23,0
U1804,2,12,22,0
U1805,1,1,40,0
U1806,1,1,36,0
U1807,9,2,28,0
U1808,9,2,62,0
U1809,9,2,62,0
U1810,9,2,62,0
U1811,9,2,62,0
U1812,10,2,59,0
U1813,1,1,#INF,0
U1814,1,1,#INF,0
U1815,1,1,#INF,0
U1816,1,1,#INF,0
U1817,1,1,#INF,0
U1818,1,1,#INF,0
U1819,1,1,#INF,0
U1820,2,3,35,0
U1821,2,3,35,0
U1822,2,11,31,0
U1823,2,7,31,0
U1824,1,1,42,0
U1825,2,3,22,0
U1826,2,3,34,0
U1827,2,11,30,0
U1828,2,7,30,0
U1829,1,1,38,0
U1830,1,1,16,0
U1831,15,2,4,0
U1832,1,1,16,0
U1833,16,2,4,0
U1834,2,14,23,0
U1835,2,14,23,0
U1836,2,14,23,0
U1837,9,7,16,0
U1838,2,14,22,0
U1839,2,14,22,0
U1840,9,7,15,0
U1841,12,2,29,0
U1842,1,1,37,0
U1843,9,2,28,0
U1844,2,14,23,0
U1845,2,14,22,0
U1846,5,10,59,0
U1847,5,4,59,0
U1848,1,1,68,0
U1849,12,2,59,0
U1850,1,1,#INF,0
U1851,12,2,#INF,0
U1852,5,10,59,0
U1853,5,4,59,0
U1854,5,11,56,0
U1855,1,1,#INF,0
U1856,11,2,#INF,0
U1857,9,4,28,0
U1858,9,4,28,0
U1859,5,12,28,0
U1860,5,8,28,0
U1861,9,4,15,0
U1862,9,4,27,0
U1863,5,12,27,0
U1864,5,8,27,0
U1865,13,2,4,0
U1866,13,2,4,0
U1867,9,7,16,0
U1868,9,7,16,0
U1869,9,7,16,0
U1870,9,7,15,0
U1871,9,7,15,0
U1872,9,2,29,0
U1873,5,10,25,0
U1874,9,7,16,0
U1875,9,7,15,0
U1876,10,2,59,0
U1877,3,2,#INF,0
U1878,3,2,#INF,0
U1879,2,12,15,0
U1880,2,11,15,0
U1881,2,12,15,0
U1882,2,11,15,0
U1883,2,12,11,0
U1884,2,11,11,0
U1885,2,11,11,0
U1886,1,1,0,0
U1887,2,12,11,0
U1888,1,1,0,0
U1889,5,14,1,0
U1890,5,14,1,0
U1891,5,10,26,0
U1892,1,1,66,0
U1893,12,2,57,0
U1894,1,1,70,0
U1895,6,2,57,0
U1896,5,11,56,0
U1897,5,4,#INF,0
U1898,1,1,65,0
U1899,12,2,57,0
U1900,1,1,67,0
U1901,6,2,57,0
U1902,1,1,61,0
U1903,13,2,54,0
U1904,5,4,#INF,0
U1905,1,1,#INF,0
U1906,1,1,#INF,0
U1907,1,1,#INF,0
U1908,1,1,#INF,0
U1909,1,1,#INF,0
U1910,1,1,#INF,0
U1911,1,1,#INF,0
U1912,1,1,#INF,0
U1913,1,1,0,0
U1914,2,11,15,0
U1915,2,12,15,0
U1916,13,8,4,0
U1917,2,12,15,0
U1918,2,11,15,0
U1919,2,12,15,0
U1920,2,11,15,0
U1921,2,12,15,0
U1922,2,11,15,0
U1923,2,12,15,0
U1924,13,8,4,0
U1925,2,12,15,0
U1926,2,11,15,0
U1927,2,12,15,0
U1928,2,11,15,0
U1929,2,12,15,0
U1930,13,8,0,0
U1931,2,11,11,0
U1932,2,12,11,0
U1933,2,11,11,0
U1934,2,12,11,0
U1935,2,11,11,0
U1936,2,12,11,0
U1937,2,12,11,0
U1938,2,11,11,0
U1939,2,12,11,0
U1940,2,11,11,0
U1941,2,12,11,0
U1942,2,11,11,0
U1943,2,12,11,0
U1944,2,12,11,0
U1945,2,8,11,0
U1946,1,1,0,0
U1947,1,1,0,0
U1948,1,1,0,0
U1949,1,1,15,0
U1950,13,8,0,0
U1951,1,1,0,0
U1952,1,1,0,0
U1953,1,1,0,0
U1954,1,1,0,0
U1955,6,15,0,0
U1956,6,15,0,0
U1957,2,12,23,0
U1958,2,13,23,0
U1959,2,17,23,0
U1960,2,9,23,0
U1961,2,9,23,0
U1962,2,13,22,0
U1963,2,17,22,0
U1964,2,9,22,0
U1965,2,9,22,0
U1966,10,9,15,0
U1967,10,2,57,0
U1968,14,2,57,0
U1969,9,2,57,0
U1970,11,2,57,0
U1971,8,2,54,0
U1974,13,8,4,0
U1975,4,12,0,0
U1976,13,8,4,0
U1977,13,8,4,0
U1978,13,8,4,0
U1979,13,8,4,0
U1980,4,12,0,0
U1981,13,8,4,0
U1982,13,8,4,0
U1983,13,8,4,0
U1984,13,8,0,0
U1985,13,8,0,0
U1986,13,8,0,0
U1987,13,8,0,0
U1988,13,8,0,0
U1989,13,8,0,0
U1990,13,8,0,0
U1991,13,8,0,0
U1992,11,7,2,0
U1993,2,5,11,0
U1994,1,1,17,0
U1995,1,1,17,0
U1996,1,1,15,0
U1997,2,12,24,0
U1998,9,7,16,0
U1999,9,7,16,0
U2000,9,7,16,0
U2001,9,7,16,0
U2002,9,7,15,0
U2003,9,7,15,0
U2004,9,7,15,0
U2005,9,7,15,0
U2006,5,11,54,0
U2007,5,7,54,0
U2008,1,1,63,0
U2009,13,2,54,0
U2010,1,1,#INF,0
U2011,6,2,#INF,0
U2012,5,10,54,0
U2013,5,7,54,0
U2014,5,9,51,0
U2015,1,1,#INF,0
U2016,6,2,#INF,0
U2017,4,12,0,0
U2018,4,12,0,0
U2019,4,12,0,0
U2020,4,12,0,0
U2021,4,12,0,0
U2022,4,12,0,0
U2023,4,12,0,0
U2024,4,12,0,0
U2025,9,15,11,0
U2026,10,14,10,0
U2027,2,9,0,0
U2028,3,8,10,0
U2029,2,5,11,0
U2030,10,2,54,0
U2031,29,2,#INF,0
U2032,27,2,#INF,0
U2033,2,11,15,0
U2034,2,12,15,0
U2035,2,11,15,0
U2036,2,12,15,0
U2037,2,11,15,0
U2038,2,12,15,0
U2039,2,11,15,0
U2040,2,12,15,0
U2041,2,11,15,0
U2042,2,12,15,0
U2043,2,11,15,0
U2044,2,12,15,0
U2045,2,11,15,0
U2046,2,12,15,0
U2047,2,11,15,0
U2048,2,12,15,0
U2049,2,11,11,0
U2050,2,12,11,0
U2051,2,11,11,0
U2052,2,12,11,0
U2053,2,11,11,0
U2054,2,12,11,0
U2055,2,11,11,0
U2056,2,12,11,0
U2057,2,11,11,0
U2058,2,12,11,0
U2059,2,11,11,0
U2060,2,12,11,0
U2061,2,11,11,0
U2062,2,12,11,0
U2063,2,11,11,0
U2064,2,12,11,0
U2065,20,15,0,0
U2066,1,1,0,0
U2067,1,1,0,0
U2068,1,1,0,0
U2069,1,1,0,0
U2070,2,18,0,0
U2071,1,1,0,0
U2072,1,1,0,0
U2073,1,1,0,0
U2074,1,1,0,0
U2075,1,1,59,0
U2076,13,2,52,0
U2077,1,1,59,0
U2078,9,2,52,0
U2079,5,11,51,0
U2080,5,7,#INF,0
U2081,1,1,59,0
U2082,12,2,52,0
U2083,1,1,59,0
U2084,9,2,52,0
U2085,1,1,52,0
U2086,11,2,49,0
U2087,5,7,#INF,0
U2088,13,8,4,0
U2089,13,8,4,0
U2090,13,8,4,0
U2091,13,8,4,0
U2092,13,8,4,0
U2093,13,8,4,0
U2094,13,8,4,0
U2095,13,8,4,0
U2096,13,8,0,0
U2097,13,8,0,0
U2098,13,8,0,0
U2099,13,8,0,0
U2100,13,8,0,0
U2101,13,8,0,0
U2102,13,8,0,0
U2103,13,8,0,0
U2104,8,2,52,0
U2105,8,2,52,0
U2106,8,2,52,0
U2107,8,2,52,0
U2108,4,2,49,0
U2109,4,12,0,0
U2110,4,12,0,0
U2111,4,12,0,0
U2112,4,12,0,0
U2113,4,12,0,0
U2114,4,12,0,0
U2115,4,12,0,0
U2116,4,12,0,0
U2117,5,9,49,0
U2118,5,9,49,0
U2119,1,1,56,0
U2120,13,2,49,0
U2121,1,1,#INF,0
U2122,9,2,#INF,0
U2123,5,9,49,0
U2124,5,9,49,0
U2125,5,5,46,0
U2126,1,1,#INF,0
U2127,9,2,#INF,0
U2128,8,2,49,0
U2129,8,2,#INF,0
U2130,4,2,#INF,0
U2131,1,1,54,0
U2132,11,2,47,0
U2133,1,1,54,0
U2134,11,2,47,0
U2135,5,9,46,0
U2136,5,9,#INF,0
U2137,1,1,54,0
U2138,11,2,47,0
U2139,1,1,54,0
U2140,11,2,47,0
U2141,1,1,51,0
U2142,7,2,44,0
U2143,5,5,#INF,0
U2144,8,2,47,0
U2145,8,2,47,0
U2146,8,2,47,0
U2147,8,2,47,0
U2148,8,2,44,0
U2149,5,9,44,0
U2150,5,9,44,0
U2151,1,1,51,0
U2152,11,2,44,0
U2153,1,1,#INF,0
U2154,11,2,#INF,0
U2155,5,9,44,0
U2156,5,9,44,0
U2157,5,8,41,0
U2158,1,1,#INF,0
U2159,7,2,#INF,0
U2160,8,2,44,0
U2161,8,2,#INF,0
U2162,8,2,#INF,0
U2163,1,1,49,0
U2164,11,2,42,0
U2165,1,1,49,0
U2166,11,2,42,0
U2167,5,9,41,0
U2168,5,9,#INF,0
U2169,1,1,45,0
U2170,11,2,42,0
U2171,1,1,45,0
U2172,11,2,42,0
U2173,1,1,46,0
U2174,10,2,39,0
U2175,5,8,#INF,0
U2176,8,2,42,0
U2177,8,2,42,0
U2178,4,2,42,0
U2179,4,2,42,0
U2180,8,2,39,0
U2181,5,9,39,0
U2182,5,9,39,0
U2183,1,1,46,0
U2184,11,2,39,0
U2185,1,1,#INF,0
U2186,11,2,#INF,0
U2187,5,5,39,0
U2188,5,5,39,0
U2189,5,9,36,0
U2190,1,1,#INF,0
U2191,10,2,#INF,0
U2192,8,2,39,0
U2193,8,2,#INF,0
U2194,8,2,#INF,0
U2195,1,1,44,0
U2196,11,2,37,0
U2197,1,1,44,0
U2198,11,2,37,0
U2199,1,1,40,0
U2200,7,2,37,0
U2201,1,1,40,0
U2202,7,2,37,0
U2203,5,9,36,0
U2204,5,9,#INF,0
U2205,1,1,41,0
U2206,11,2,34,0
U2207,5,9,#INF,0
U2208,8,2,37,0
U2209,8,2,37,0
U2210,4,2,37,0
U2211,4,2,37,0
U2212,8,2,34,0
U2213,5,9,34,0
U2214,5,9,34,0
U2215,5,5,34,0
U2216,5,5,34,0
U2217,1,1,41,0
U2218,11,2,34,0
U2219,1,1,#INF,0
U2220,11,2,#INF,0
U2221,5,9,31,0
U2222,1,1,#INF,0
U2223,11,2,#INF,0
U2224,8,2,34,0
U2225,8,2,#INF,0
U2226,8,2,#INF,0
U2227,2,13,30,0
U2228,2,20,30,0
U2229,2,15,30,0
U2230,2,13,30,0
U2231,1,1,36,0
U2232,11,2,29,0
U2233,2,9,30,0
U2234,2,16,30,0
U2235,2,11,30,0
U2236,2,9,30,0
U2237,5,9,31,0
U2238,5,9,#INF,0
U2239,5,9,#INF,0
U2240,8,2,29,0
U2241,11,15,21,0
U2242,11,11,21,0
U2243,1,1,36,0
U2244,11,2,29,0
U2245,1,1,#INF,0
U2246,11,2,#INF,0
U2247,5,9,26,0
U2248,1,1,#INF,0
U2249,11,2,#INF,0
U2250,8,2,29,0
U2251,8,2,#INF,0
U2252,1,1,24,0
U2253,8,2,#INF,0
U2254,2,11,24,0
U2255,1,1,24,0
U2256,5,9,26,0
U2257,5,9,#INF,0
U2258,5,9,#INF,0
U2259,1,1,26,0
U2260,2,11,24,0
U2261,1,1,26,0
U2262,2,3,24,0
U2263,2,3,24,0
U2264,5,4,21,0
U2265,5,4,21,0
U2266,6,2,19,0
U2267,1,1,35,0
U2268,6,2,19,0
U2269,1,1,31,0
U2270,17,2,19,0
U2271,13,2,19,0
U2272,5,7,16,0
U2273,5,7,16,0
U2274,2,12,11,0
U2275,2,12,11,0
U2276,1,1,27,0
U2277,1,1,26,0
U2278,13,7,0,0
U2279,13,7,0,0
U2280,2,4,24,0
U2281,2,4,23,0
U2282,5,5,21,0
U2283,5,5,20,0
U2284,2,7,#INF,0
U2285,2,7,#INF,0
U2286,2,7,19,0
U2287,2,7,18,0
U2288,5,5,#INF,0
U2289,5,5,#INF,0
U2290,5,5,16,0
U2291,5,5,15,0
U2292,2,9,11,0
U2293,2,10,11,0
U2294,2,9,11,0
U2295,2,10,11,0
U2296,2,9,#INF,0
U2297,2,20,#INF,0
U2298,2,9,#INF,0
U2299,2,20,#INF,0
U2300,13,8,#INF,0
U2301,13,8,#INF,0
U2302,13,8,0,0
U2303,13,8,0,0
U2304,4,12,#INF,0
U2305,4,12,#INF,0
U2306,1,1,0,0
U2307,1,1,0,0
troj1_0U1,35,9,#INF,1
troj1_0U2,14,2,#INF,1
troj1_0U3,19,4,#INF,1
troj1_0U4,27,4,#INF,1
troj1_0U5,3,12,#INF,1
troj1_0U6,6,14,#INF,1
troj1_0U7,50,4,#INF,1
troj1_0U8,29,3,#INF,1
troj1_0U9,2,2,#INF,1
trojan1_0,15,15,#INF,1
