gate,net_ID,CC0,CC1,CO,is_trojan
g0,2098,9,153,17,0
g1,1938,4,152,22,0
g10,1080,3,2,169,0
g100,1001,444,5,21,0
g1000,2304,6,96,100,0
g1001,2532,12,153,14,0
g1002,245,4,361,0,0
g1003,2026,4,152,22,0
g1004,1602,6,122,332,0
g1005,181,5,443,0,0
g1006,1434,6,457,15,0
g1007,1416,6,136,332,0
g1008,182,5,444,0,0
g1009,1173,14,27,328,0
g101,1861,317,10,118,0
g1010,2438,11,79,95,0
g1011,2590,22,153,4,0
g1012,2007,4,154,22,0
g1013,622,6,33,297,0
g1014,1893,11,580,11,0
g1015,887,84,5,90,0
g1016,2596,22,154,4,0
g1017,736,84,5,90,0
g1018,612,17416,11,882,0
g1019,1921,3,67,119,0
g102,637,6,1521,135,0
g1020,800,2,2,178,0
g1021,625,6,81,249,0
g1022,1491,6,452,11,0
g1023,201,4,440,0,0
g1024,1066,315,5,18,0
g1025,1529,6,436,11,0
g1026,852,128,5,318,0
g1027,859,129,5,318,0
g1028,1437,6,138,332,0
g1029,838,295,5,25,0
g103,460,4,82,90,0
g1030,1539,6,354,11,0
g1031,555,4,84,92,1
g1032,252,2,2,0,0
g1033,1961,4,151,22,0
g1034,537,4,21,309,0
g1035,1211,10,441,11,0
g1036,2469,11,80,96,0
g1037,773,444,5,21,0
g1038,872,129,5,318,0
g1039,613,6,35111,880,0
g104,1430,9,3,171,0
g1040,1975,4,152,22,0
g1041,972,444,5,21,0
g1042,1663,9,3,171,0
g1043,2257,6,97,101,0
g1044,1351,6,452,11,0
g1045,936,85,5,91,0
g1046,2507,12,153,14,0
g1047,867,129,5,349,0
g1048,1095,2,160,24,0
g1049,2196,4,78,102,0
g105,968,159,5,26,0
g1050,1784,17,442,4,0
g1051,1077,3,2,169,0
g1052,239,4,447,0,0
g1053,2162,4,78,102,0
g1054,2367,6,94,109,0
g1055,1010,159,5,26,0
g1056,1301,6,437,11,0
g1057,2443,11,80,96,0
g1058,628,6,177,153,0
g1059,205,4,441,0,0
g106,176,5,444,0,0
g1060,1108,2,161,24,0
g1061,2517,12,153,14,0
g1062,1914,67,3,107,0
g1063,1857,13,439,4,0
g1064,1352,6,138,332,0
g1065,1667,13,436,4,0
g1066,394,4,83,91,0
g1067,1628,6,123,332,0
g1068,1783,17,442,4,0
g1069,941,444,5,21,0
g107,141,4,441,0,0
g1070,833,1940,13,7794,0
g1071,1919,3,68,120,0
g1072,1372,6,138,330,0
g1073,2656,268,7,1835,1
g1074,396,4,83,91,0
g1075,2331,3,77,112,0
g1076,288,5,360,0,0
g1077,700,84,5,90,0
g1078,94,4,158,0,0
g1079,1422,9,3,171,0
g108,1478,6,452,11,0
g1080,606,4144,11,5590,0
g1081,1996,4,152,22,0
g1082,1161,132,9,320,0
g1083,1401,10,442,11,0
g1084,2334,6,95,109,0
g1085,230,4,447,0,0
g1086,2340,6,95,109,0
g1087,1773,17,443,4,0
g1088,477,4,82,90,0
g1089,2554,21,79,94,0
g109,937,84,5,90,0
g1090,1589,6,123,332,0
g1091,1057,448,5,25,0
g1092,1385,6,54,327,0
g1093,2065,9,151,17,0
g1094,1710,13,124,323,0
g1095,701,84,5,90,0
g1096,1752,13,124,323,0
g1097,1635,10,35381,610,0
g1098,2133,4,79,103,0
g1099,1779,17,443,4,0
g11,759,2,2,178,0
g110,588,6,9121,597,0
g1100,267,5,442,0,0
g1101,2646,134,6,1969,1
g1102,811,4422,5,5331,0
g1103,475,4,83,90,0
g1104,1371,6,456,11,0
g1105,1769,13,124,325,0
g1106,2325,6,95,109,0
g1107,1338,6,136,330,0
g1108,1129,2,161,24,0
g1109,802,85,5,91,0
g111,1986,69,10,113,0
g1110,1142,132,9,318,0
g1111,102,4,158,0,0
g1112,2281,6,97,101,0
g1113,885,129,5,320,0
g1114,146,4,443,0,0
g1115,1834,13,437,4,0
g1116,1652,9,3,171,0
g1117,1012,158,5,26,0
g1118,2336,6,94,109,0
g1119,1183,263,9,73,0
g112,2237,6,96,100,0
g1120,1911,42,246,35,0
g1121,1256,8,18,324,0
g1122,2220,6,96,100,0
g1123,282,4,332,0,0
g1124,127,4,443,0,0
g1125,1196,10,134,393,0
g1126,2454,11,80,96,0
g1127,2578,22,153,4,0
g1128,1201,10,442,11,0
g1129,2618,12,89,241,0
g113,429,4,128,321,0
g1130,2635,9,128,2094,1
g1131,2019,4,152,22,0
g1132,2641,9,128,2094,1
g1133,88,4,157,0,0
g1134,2308,6,96,100,0
g1135,1191,7,3,165,0
g1136,674,2,2,172,0
g1137,1990,68,10,112,0
g1138,1566,6,122,330,0
g1139,1892,48,4,126,0
g114,2269,6,97,101,0
g1140,2292,6,96,100,0
g1141,1762,17,443,4,0
g1142,559,4,84,92,1
g1143,2546,21,79,94,0
g1144,377,4,128,319,0
g1145,120,4,443,0,0
g1146,1608,3,41,330,0
g1147,1070,9,26,333,0
g1148,1640,10,1098,8636,0
g1149,2486,11,79,95,0
g115,1420,9,3,171,0
g1150,1855,13,437,4,0
g1151,1627,6,123,330,0
g1152,1028,442,5,21,0
g1153,2319,6,94,109,0
g1154,1687,13,124,325,0
g1155,2427,11,79,95,0
g1156,2333,3,77,112,0
g1157,620,46,5,284,0
g1158,517,4,83,91,0
g1159,1381,10,442,11,0
g116,861,128,5,320,0
g1160,2180,4,79,103,0
g1161,863,129,5,320,0
g1162,569,4,84,92,1
g1163,1072,3,2,345,0
g1164,1409,15,285,310,0
g1165,2518,12,153,14,0
g1166,2475,11,79,95,0
g1167,2015,4,154,22,0
g1168,1965,4,152,22,0
g1169,944,85,5,91,0
g117,2499,11,79,95,0
g1170,2502,11,79,95,0
g1171,1992,10,67,193,0
g1172,652,2,2,170,0
g1173,1344,6,454,11,0
g1174,743,2,2,178,0
g1175,728,2,2,178,0
g1176,1559,6,436,11,0
g1177,213,4,450,0,0
g1178,2151,4,78,102,0
g1179,1245,10,397,105,0
g118,472,4,83,90,0
g1180,1659,9,3,171,0
g1181,1208,10,442,11,0
g1182,2139,4,78,102,0
g1183,2350,6,95,109,0
g1184,965,85,5,91,0
g1185,1697,13,123,323,0
g1186,1390,6,138,332,0
g1187,623,34,7,296,0
g1188,886,334,5,29,0
g1189,1069,3,2,343,0
g119,2230,6,96,100,0
g1190,1789,13,436,4,0
g1191,961,84,5,90,0
g1192,1895,14,329,4,0
g1193,1482,6,456,11,0
g1194,1668,13,439,4,0
g1195,933,84,5,89,0
g1196,2096,9,151,17,0
g1197,2622,128,5,1975,1
g1198,1294,6,136,332,0
g1199,1378,6,451,11,0
g12,1820,13,438,4,0
g120,422,4,83,91,0
g1200,1123,2,161,24,0
g1201,2584,22,154,4,0
g1202,1277,6,54,298,0
g1203,1317,6,435,11,0
g1204,1988,68,10,112,0
g1205,1406,6,560,9193,0
g1206,760,158,5,26,0
g1207,1856,13,439,4,0
g1208,106,4,158,0,0
g1209,716,2,2,178,0
g121,680,2,2,318,0
g1210,1091,3,2,343,0
g1211,2587,22,153,4,0
g1212,1417,6,457,15,0
g1213,830,834,13,8900,0
g1214,1326,6,436,11,0
g1215,482,4,83,90,0
g1216,1410,6,372,11,0
g1217,1284,6,138,330,0
g1218,1470,6,459,16,0
g1219,1565,6,123,332,0
g122,1743,13,438,4,0
g1220,2488,11,79,95,0
g1221,842,47,5,289,0
g1222,2483,11,79,95,0
g1223,2010,4,152,22,0
g1224,1617,6,123,330,0
g1225,1922,46,21,286,0
g1226,133,4,443,0,0
g1227,874,129,5,318,0
g1228,2326,6,95,109,0
g1229,1205,10,442,11,0
g123,1969,4,151,22,0
g1230,2047,4,152,22,0
g1231,212,4,450,0,0
g1232,894,84,5,89,0
g1233,510,4,83,91,0
g1234,1223,10,442,11,0
g1235,1979,4,154,22,0
g1236,2513,12,153,14,0
g1237,1944,4,154,22,0
g1238,2284,6,96,100,0
g1239,2632,129,5,1974,1
g124,2001,4,152,22,0
g1240,1995,4,154,22,0
g1241,590,17694,5,18297,0
g1242,1953,4,152,22,0
g1243,1542,3,311,11,0
g1244,2556,21,79,94,0
g1245,2008,4,150,22,0
g1246,1073,3,2,345,0
g1247,2171,4,78,102,0
g1248,1060,85,5,91,0
g1249,860,129,5,318,0
g125,1382,6,454,11,0
g1250,1822,13,439,4,0
g1251,151,4,440,0,0
g1252,1202,10,441,11,0
g1253,1980,4,152,22,0
g1254,586,14,551,9454,0
g1255,260,5,444,0,0
g1256,551,4,84,92,1
g1257,2050,4,152,22,0
g1258,1439,6,460,15,0
g1259,269,5,442,0,0
g126,2629,129,5,1974,1
g1260,1019,159,5,26,0
g1261,1283,6,135,330,0
g1262,1759,17,443,4,0
g1263,2152,4,78,102,0
g1264,1853,10,42,323,0
g1265,1715,13,124,323,0
g1266,461,4,83,90,0
g1267,1526,6,436,11,0
g1268,1081,2,160,24,0
g1269,740,442,5,21,0
g127,96,4,158,0,0
g1270,1487,6,451,11,0
g1271,2170,4,78,102,0
g1272,1243,10,397,105,0
g1273,1976,4,154,22,0
g1274,889,84,5,89,0
g1275,360,4,128,319,0
g1276,1481,6,136,332,0
g1277,875,47,5,318,0
g1278,1045,85,5,91,0
g1279,320,4,128,331,0
g128,2379,14,78,101,0
g1280,552,4,84,92,1
g1281,614,766,5,890,0
g1282,1546,6,438,11,0
g1283,529,4,83,91,0
g1284,2569,22,79,94,0
g1285,1974,4,152,22,0
g1286,513,4,83,91,0
g1287,2054,4,151,22,0
g1288,436,4,127,319,0
g1289,930,84,5,90,0
g129,2048,4,154,22,0
g1290,2120,9,153,17,0
g1291,1098,257,7,74,0
g1292,433,4,127,321,0
g1293,242,4,444,0,0
g1294,809,442,5,21,0
g1295,301,5,442,0,0
g1296,573,4,84,92,1
g1297,1065,442,5,21,0
g1298,1124,2,160,24,0
g1299,225,4,447,0,0
g13,2212,4,78,102,0
g130,1206,10,442,11,0
g1300,758,2,2,178,0
g1301,2347,6,95,109,0
g1302,2063,9,153,17,0
g1303,1147,133,9,318,0
g1304,2655,391,7,1712,1
g1305,2458,11,80,96,0
g1306,753,444,5,21,0
g1307,1587,6,123,330,0
g1308,241,4,446,0,0
g1309,114,4,157,0,0
g131,2226,6,96,100,0
g1310,294,2,2,0,0
g1311,2579,22,154,4,0
g1312,1322,6,435,11,0
g1313,2408,17,95,98,0
g1314,1631,6,123,330,0
g1315,966,158,5,26,0
g1316,229,4,446,0,0
g1317,2595,22,153,4,0
g1318,2407,11,79,95,0
g1319,2461,11,80,96,0
g132,2075,9,152,17,0
g1320,2416,11,79,95,0
g1321,2449,11,80,96,0
g1322,985,449,5,26,0
g1323,923,84,5,90,0
g1324,370,4,128,319,0
g1325,1558,6,354,11,0
g1326,1042,84,5,90,0
g1327,1738,13,436,4,0
g1328,1561,6,438,11,0
g1329,1456,6,457,15,0
g133,797,444,5,21,0
g1330,1733,13,124,325,0
g1331,1357,6,138,330,0
g1332,1504,6,454,11,0
g1333,1489,6,452,11,0
g1334,1830,13,439,4,0
g1335,400,4,83,91,0
g1336,1695,289,10,12,0
g1337,2155,4,78,102,0
g1338,296,5,445,0,0
g1339,204,4,441,0,0
g134,1391,6,454,11,0
g1340,85,4,158,0,0
g1341,528,4,83,91,0
g1342,2260,6,97,101,0
g1343,1765,17,442,4,0
g1344,1939,4,152,22,0
g1345,1597,6,123,330,0
g1346,1757,17,443,4,0
g1347,783,360,5,21,0
g1348,2378,6,96,100,0
g1349,1634,3,41,330,0
g135,191,5,444,0,0
g1350,1002,442,5,21,0
g1351,1285,6,137,330,0
g1352,788,447,5,25,0
g1353,508,4,83,91,0
g1354,866,129,5,318,0
g1355,270,5,444,0,0
g1356,1984,4,150,22,0
g1357,1642,10,9388,322,0
g1358,1981,4,152,22,0
g1359,1838,13,437,4,0
g136,363,4,128,321,0
g1360,143,4,443,0,0
g1361,1237,10,397,105,0
g1362,1438,6,458,15,0
g1363,1177,7,3,165,0
g1364,1359,6,136,330,0
g1365,2377,6,94,110,0
g1366,1684,13,123,323,0
g1367,766,447,5,27,0
g1368,2174,4,79,103,0
g1369,1159,132,9,320,0
g137,1902,18,581,4,0
g1370,2200,4,78,102,0
g1371,2024,4,150,22,0
g1372,2062,9,153,17,0
g1373,2406,17,95,98,0
g1374,493,4,46,290,0
g1375,2598,22,153,4,0
g1376,1572,6,123,330,0
g1377,1040,85,5,91,0
g1378,725,442,5,21,0
g1379,2451,11,80,96,0
g138,1994,4,152,22,0
g1380,465,4,82,90,0
g1381,373,4,128,319,0
g1382,2286,6,96,100,0
g1383,787,2,2,178,0
g1384,1218,10,442,11,0
g1385,767,84,5,90,0
g1386,2492,11,79,95,0
g1387,1259,47,15,376,0
g1388,1278,6,136,332,0
g1389,2425,11,79,95,0
g139,2311,6,96,100,0
g1390,1062,442,5,21,0
g1391,1442,6,456,11,0
g1392,2049,4,151,22,0
g1393,1186,6,327,11,0
g1394,263,5,444,0,0
g1395,1622,6,123,330,0
g1396,2586,22,153,4,0
g1397,727,447,5,25,0
g1398,1156,133,9,320,0
g1399,1011,447,5,25,0
g14,2278,6,97,101,0
g140,2000,4,150,22,0
g1400,1459,6,457,15,0
g1401,560,4,84,92,1
g1402,1766,13,124,323,0
g1403,2471,11,80,96,0
g1404,487,4,83,90,0
g1405,1138,10,133,321,0
g1406,353,14,129,319,1
g1407,1643,288,3,307,0
g1408,401,4,83,91,0
g1409,1798,13,436,4,0
g141,883,129,5,318,0
g1410,962,85,5,91,0
g1411,2337,6,94,109,0
g1412,845,47,5,289,0
g1413,1213,10,441,11,0
g1414,1051,441,5,21,0
g1415,1840,13,437,4,0
g1416,2250,6,96,100,0
g1417,2620,10,17,313,0
g1418,2132,4,78,102,0
g1419,2593,22,154,4,0
g142,1377,6,452,11,0
g1420,1669,13,436,4,0
g1421,1252,10,397,105,0
g1422,2477,11,79,95,0
g1423,2661,950,9,1153,1
g1424,417,4,83,91,0
g1425,835,35117,12,874,0
g1426,1037,444,5,21,0
g1427,1453,6,460,15,0
g1428,545,4,84,92,1
g1429,2114,9,153,17,0
g143,2432,11,79,95,0
g1430,116,4,444,0,0
g1431,2375,3,77,113,0
g1432,1693,13,124,325,0
g1433,2439,11,79,95,0
g1434,683,84,5,90,0
g1435,723,2,2,178,0
g1436,2332,6,95,109,0
g1437,149,4,443,0,0
g1438,300,5,444,0,0
g1439,541,4,381,126,0
g144,2424,11,79,95,0
g1440,2411,17,95,98,0
g1441,512,4,83,91,0
g1442,1242,10,397,105,0
g1443,997,85,5,91,0
g1444,217,4,446,0,0
g1445,1672,10,42,323,0
g1446,1730,13,124,325,0
g1447,1515,6,17703,614,0
g1448,99,4,158,0,0
g1449,880,47,5,318,0
g145,505,4,83,91,0
g1450,1145,10,52,393,0
g1451,703,333,5,22,0
g1452,661,128,5,318,0
g1453,1886,11,290,11,0
g1454,2242,6,96,100,0
g1455,2081,9,152,17,0
g1456,289,5,360,0,0
g1457,2255,6,97,101,0
g1458,1927,4,152,22,0
g1459,750,317,5,18,0
g146,693,130,15,318,0
g1460,2429,11,79,95,0
g1461,2316,6,95,109,0
g1462,154,4,440,0,0
g1463,1247,10,396,105,0
g1464,1143,10,52,393,0
g1465,1034,551,5,9202,0
g1466,2616,12,377,130,0
g1467,1940,4,154,22,0
g1468,2444,11,79,95,0
g1469,1354,6,138,330,0
g147,1140,133,9,320,0
g1470,705,84,5,89,0
g1471,990,85,5,91,0
g1472,2409,11,79,95,0
g1473,1742,13,124,325,0
g1474,1044,442,5,23,0
g1475,2356,3,77,112,0
g1476,655,2,2,305,0
g1477,1272,6,137,330,0
g1478,1778,17,443,4,0
g1479,2182,4,79,103,0
g148,278,4,333,0,0
g1480,1153,132,9,320,0
g1481,2605,16,9123,587,0
g1482,1006,444,5,21,0
g1483,1753,16,441,4,0
g1484,1046,442,5,21,0
g1485,649,6,37,276,0
g1486,1303,6,438,11,0
g1487,1477,6,451,11,0
g1488,1987,11,69,185,0
g1489,1281,6,137,330,0
g149,2078,9,153,17,0
g1490,2309,6,96,100,0
g1491,1071,3,2,169,0
g1492,2107,9,151,17,0
g1493,97,4,158,0,0
g1494,578,9,46,325,0
g1495,1388,10,441,11,0
g1496,2017,4,152,22,0
g1497,1593,6,123,330,0
g1498,958,447,5,25,0
g1499,1471,6,460,16,0
g15,877,129,5,318,0
g150,150,4,441,0,0
g1500,828,442,5,21,0
g1501,1946,4,152,22,0
g1502,2357,6,95,109,0
g1503,275,5,444,0,0
g1504,2627,129,5,1974,1
g1505,1972,4,154,22,0
g1506,804,159,5,26,0
g1507,195,5,444,0,0
g1508,1770,18,446,4,0
g1509,1880,20,329,4,0
g151,2613,10,280,9454,0
g1510,1665,13,437,4,0
g1511,1174,3,7,339,0
g1512,2145,4,78,102,0
g1513,1049,159,5,26,0
g1514,1900,47,4,125,0
g1515,2487,11,79,95,0
g1516,2244,6,96,100,0
g1517,2527,12,152,14,0
g1518,1949,4,152,22,0
g1519,807,85,5,91,0
g152,1740,13,124,323,0
g1520,1648,9,3,171,0
g1521,1955,4,152,22,0
g1522,2512,12,153,14,0
g1523,2135,4,79,103,0
g1524,2043,4,152,22,0
g1525,2039,4,152,22,0
g1526,1033,159,5,26,0
g1527,1896,18,291,4,0
g1528,629,178,7,333,0
g1529,244,4,361,0,0
g153,1889,3,15,333,0
g1530,2423,11,79,95,0
g1531,984,85,5,91,0
g1532,2153,4,78,102,0
g1533,533,4,83,91,0
g1534,162,4,443,0,0
g1535,676,129,5,318,0
g1536,2568,22,79,94,0
g1537,1041,441,5,21,0
g1538,1411,6,458,14,0
g1539,376,4,128,321,0
g154,2482,11,79,95,0
g1540,219,4,446,0,0
g1541,974,448,5,25,0
g1542,432,4,127,321,0
g1543,795,444,5,21,0
g1544,1536,6,438,11,0
g1545,1308,6,436,11,0
g1546,2198,4,78,102,0
g1547,732,2,2,178,0
g1548,1136,10,134,321,0
g1549,2124,4,78,102,0
g155,1014,158,5,26,0
g1550,2261,6,97,101,0
g1551,1486,6,452,11,0
g1552,2643,133,6,1970,1
g1553,2305,6,96,100,0
g1554,1746,13,124,325,0
g1555,1152,132,9,320,0
g1556,167,5,442,0,0
g1557,2104,9,153,17,0
g1558,86,4,158,0,0
g1559,734,2,2,178,0
g156,1702,13,124,323,0
g1560,1525,6,436,11,0
g1561,1775,17,443,4,0
g1562,1897,5,302,72,0
g1563,1982,4,150,22,0
g1564,1318,6,356,11,0
g1565,2526,12,152,14,0
g1566,490,4,82,90,0
g1567,2058,4,152,22,0
g1568,2119,9,152,17,0
g1569,498,4,1103,8625,0
g157,1248,10,396,105,0
g1570,2537,12,153,14,0
g1571,1600,3,41,330,0
g1572,104,4,157,0,0
g1573,208,4,443,0,0
g1574,2293,6,96,100,0
g1575,253,2,2,0,0
g1576,1689,13,124,323,0
g1577,1404,6,138,330,0
g1578,1427,9,3,171,0
g1579,168,5,442,0,0
g158,1709,13,124,323,0
g1580,2456,11,80,96,0
g1581,1013,84,5,90,0
g1582,794,84,5,90,0
g1583,2464,11,80,96,0
g1584,514,4,83,91,0
g1585,1645,9,3,171,0
g1586,791,442,5,21,0
g1587,100,4,158,0,0
g1588,2607,11,35116,875,0
g1589,468,4,82,90,0
g159,917,84,5,90,0
g1590,2285,6,96,100,0
g1591,1008,85,5,91,0
g1592,131,4,443,0,0
g1593,862,129,5,318,0
g1594,1620,6,123,332,0
g1595,1908,63,5,109,0
g1596,1199,133,9,320,0
g1597,2608,12,17423,875,0
g1598,531,4,83,91,0
g1599,2498,11,79,95,0
g16,849,128,5,318,0
g160,129,4,441,0,0
g1600,1726,13,123,325,0
g1601,722,2,2,178,0
g1602,2470,11,80,96,0
g1603,1941,4,151,22,0
g1604,2213,4,78,102,0
g1605,2548,21,79,94,0
g1606,2342,6,95,109,0
g1607,1657,9,3,171,0
g1608,1397,6,370,11,0
g1609,445,4,127,321,0
g161,851,129,5,320,0
g1610,2029,4,152,22,0
g1611,393,4,83,91,0
g1612,647,9,307,48,0
g1613,2227,6,96,100,0
g1614,1137,135,11,320,0
g1615,1448,6,451,11,0
g1616,820,441,5,21,0
g1617,956,441,5,21,0
g1618,724,448,5,25,0
g1619,1258,47,15,376,0
g162,1716,17,4417,5311,0
g1620,292,2,2,0,0
g1621,739,2,2,178,0
g1622,2393,17,95,98,0
g1623,2346,3,77,112,0
g1624,2044,4,154,22,0
g1625,2535,12,153,14,0
g1626,1158,132,9,320,0
g1627,1425,9,3,171,0
g1628,1823,13,437,4,0
g1629,1154,133,9,320,0
g163,942,85,5,91,0
g1630,2100,9,153,17,0
g1631,237,4,447,0,0
g1632,1189,8,284,23,0
g1633,1000,448,5,25,0
g1634,699,84,5,89,0
g1635,467,4,82,90,0
g1636,364,4,128,321,0
g1637,435,4,127,319,0
g1638,587,274,24,9444,0
g1639,1112,2,161,24,0
g164,2238,6,96,100,0
g1640,1835,13,437,4,0
g1641,2388,14,78,101,0
g1642,2172,4,79,103,0
g1643,1550,6,438,11,0
g1644,755,2,2,318,0
g1645,2045,4,151,22,0
g1646,406,4,83,91,0
g1647,1345,6,138,332,0
g1648,1619,6,123,330,0
g1649,1241,10,397,105,0
g165,374,4,128,321,0
g1650,124,4,441,0,0
g1651,1096,2,160,24,0
g1652,454,4,128,319,0
g1653,998,158,5,26,0
g1654,1302,6,436,11,0
g1655,2410,17,95,98,0
g1656,827,84,5,90,0
g1657,964,158,5,26,0
g1658,179,5,442,0,0
g1659,1260,15,4,157,0
g166,276,4,317,0,0
g1660,1331,6,438,11,0
g1661,2580,22,154,4,0
g1662,1115,2,161,24,0
g1663,1933,4,152,22,0
g1664,1616,6,123,332,0
g1665,111,4,158,0,0
g1666,2277,6,97,101,0
g1667,170,5,444,0,0
g1668,1120,2,160,24,0
g1669,2160,4,78,102,0
g167,1720,17,546,9182,0
g1670,1200,133,9,320,0
g1671,2156,4,78,102,0
g1672,1745,13,124,335,0
g1673,730,2,2,178,0
g1674,1514,6,452,11,0
g1675,2108,9,153,17,0
g1676,2061,9,152,17,0
g1677,2391,14,78,101,0
g1678,469,4,82,90,0
g1679,2288,6,96,100,0
g168,2210,4,78,102,0
g1680,1618,6,123,332,0
g1681,2246,6,96,100,0
g1682,192,5,444,0,0
g1683,1673,13,438,4,0
g1684,1475,6,325,8,0
g1685,486,4,83,90,0
g1686,744,85,5,91,0
g1687,912,83,5,89,0
g1688,1234,10,397,105,0
g1689,2035,4,152,22,0
g169,1813,13,439,4,0
g1690,126,4,443,0,0
g1691,128,4,443,0,0
g1692,1722,10,42,294,0
g1693,355,4,128,319,0
g1694,546,4,84,92,1
g1695,2249,6,96,100,0
g1696,2057,4,154,22,0
g1697,1873,6,608,15,0
g1698,1894,10,289,47,0
g1699,1633,6,122,330,0
g17,1846,13,437,4,0
g170,1844,13,355,4,0
g1700,446,4,128,319,0
g1701,778,2,2,178,0
g1702,109,4,158,0,0
g1703,119,4,441,0,0
g1704,1532,6,641,18,0
g1705,1581,6,123,330,0
g1706,1116,4,2,170,0
g1707,2633,129,5,1974,1
g1708,235,4,447,0,0
g1709,1444,6,283,17,0
g171,2046,4,152,22,0
g1710,1586,6,122,332,0
g1711,1155,132,9,320,0
g1712,659,128,5,320,0
g1713,403,4,83,91,0
g1714,1574,6,123,332,0
g1715,847,129,5,318,0
g1716,1527,6,436,11,0
g1717,2542,21,79,94,0
g1718,1836,13,124,323,0
g1719,2592,22,153,4,0
g172,1026,315,5,18,0
g1720,357,4,128,319,0
g1721,178,5,444,0,0
g1722,1090,31,6,307,0
g1723,2201,4,78,102,0
g1724,1510,6,455,16,0
g1725,1714,13,123,323,0
g1726,409,4,83,91,0
g1727,2243,6,96,100,0
g1728,1480,6,452,11,0
g1729,2113,9,151,17,0
g173,298,5,444,0,0
g1730,2207,4,78,102,0
g1731,780,85,5,91,0
g1732,121,4,441,0,0
g1733,2011,4,152,22,0
g1734,921,84,5,90,0
g1735,690,84,5,90,0
g1736,1469,6,455,11,0
g1737,2485,11,79,95,0
g1738,785,84,5,90,0
g1739,1724,10,42,294,0
g174,927,84,5,90,0
g1740,440,4,128,321,0
g1741,1365,6,56,327,0
g1742,255,2,2,0,0
g1743,2005,4,150,22,0
g1744,668,129,5,320,0
g1745,2118,9,153,17,0
g1746,1651,9,3,171,0
g1747,2317,6,94,109,0
g1748,1881,11,330,105,0
g1749,1118,2,161,24,0
g175,2563,21,78,94,0
g1750,1868,10,312,4,0
g1751,138,4,443,0,0
g1752,549,4,84,92,1
g1753,720,84,5,90,0
g1754,752,2,2,178,0
g1755,602,1932,7,7796,0
g1756,1102,251,9,26,0
g1757,1898,11,582,66,0
g1758,354,4,128,321,0
g1759,1099,6,256,75,0
g176,1441,6,458,15,0
g1760,1290,6,138,332,0
g1761,1347,6,458,15,0
g1762,1082,3,2,169,0
g1763,1431,6,459,15,0
g1764,136,4,441,0,0
g1765,321,4,128,329,0
g1766,2116,9,153,17,0
g1767,2648,259,6,1844,1
g1768,161,4,441,0,0
g1769,556,4,84,92,1
g177,1097,3,2,169,0
g1770,582,11,203,119,0
g1771,967,159,5,26,0
g1772,688,84,5,89,0
g1773,366,4,128,321,0
g1774,1568,6,123,332,0
g1775,2271,6,97,101,0
g1776,986,445,5,26,0
g1777,369,4,128,321,0
g1778,1436,6,344,11,0
g1779,1656,9,3,171,0
g178,425,4,250,31,0
g1780,2619,12,41,289,0
g1781,268,5,442,0,0
g1782,2094,9,153,17,0
g1783,2167,4,78,102,0
g1784,259,5,444,0,0
g1785,134,4,441,0,0
g1786,2534,12,152,14,0
g1787,202,4,443,0,0
g1788,1713,13,123,323,0
g1789,524,4,83,91,0
g179,383,4,128,319,0
g1790,895,84,5,89,0
g1791,1871,31,5,141,0
g1792,2405,11,79,95,0
g1793,1473,6,138,332,0
g1794,540,4,189,137,0
g1795,920,334,5,36,0
g1796,515,4,83,91,0
g1797,2365,6,94,109,0
g1798,1732,13,436,4,0
g1799,692,84,5,90,0
g18,2508,12,153,14,0
g180,2657,143,7,1960,1
g1800,657,129,5,320,0
g1801,1930,4,152,22,0
g1802,1500,6,136,330,0
g1803,507,4,83,91,0
g1804,2295,6,96,100,0
g1805,187,5,444,0,0
g1806,1503,6,454,11,0
g1807,1878,273,39,375,0
g1808,947,441,5,21,0
g1809,547,4,84,92,1
g181,2205,4,78,102,0
g1810,1977,4,151,22,0
g1811,1356,6,451,11,0
g1812,1101,279,7,28,0
g1813,2653,269,7,1834,1
g1814,1507,6,454,11,0
g1815,2352,6,95,109,0
g1816,2589,22,153,4,0
g1817,2642,133,6,1970,1
g1818,125,4,441,0,0
g1819,1660,9,3,171,0
g182,667,129,5,320,0
g1820,1505,6,452,11,0
g1821,314,2,2,0,0
g1822,246,2,2,0,0
g1823,1755,13,124,323,0
g1824,1036,447,5,27,0
g1825,977,84,5,90,0
g1826,221,4,446,0,0
g1827,196,4,441,0,0
g1828,2217,4,78,102,0
g1829,411,4,83,91,0
g183,1920,3,67,119,0
g1830,1904,27,290,30,0
g1831,2083,9,152,17,0
g1832,1125,2,161,24,0
g1833,2222,6,96,100,0
g1834,1817,13,124,323,0
g1835,392,4,83,91,0
g1836,1496,6,454,11,0
g1837,1432,6,458,15,0
g1838,2400,11,79,95,0
g1839,709,130,15,320,0
g184,812,159,5,26,0
g1840,2059,6,96,100,0
g1841,544,4,84,92,1
g1842,488,4,83,90,0
g1843,1055,451,5,26,0
g1844,2282,6,97,101,0
g1845,1398,11,445,11,0
g1846,991,84,5,90,0
g1847,1569,6,123,332,0
g1848,2267,6,97,101,0
g1849,616,190,5,321,0
g185,806,84,5,90,0
g1850,1415,15,263,62,0
g1851,910,84,5,90,0
g1852,2313,6,96,100,0
g1853,1968,4,154,22,0
g1854,1387,6,345,18,0
g1855,1711,13,124,325,0
g1856,1003,442,5,21,0
g1857,115,4,158,0,0
g1858,284,4,295,0,0
g1859,1811,13,328,18,0
g186,502,4,17693,599,0
g1860,1428,9,3,171,0
g1861,1407,6,372,11,0
g1862,395,4,83,91,0
g1863,2214,4,78,102,0
g1864,789,84,5,90,0
g1865,2265,6,97,101,0
g1866,884,129,5,351,0
g1867,1533,6,436,11,0
g1868,1107,2,160,24,0
g1869,2168,4,78,102,0
g187,2501,11,79,95,0
g1870,892,84,5,90,0
g1871,704,84,5,90,0
g1872,2621,128,5,1975,1
g1873,2136,4,78,102,0
g1874,2173,4,79,103,0
g1875,2202,4,78,102,0
g1876,580,11,19,315,0
g1877,698,84,5,89,0
g1878,1782,17,442,4,0
g1879,224,4,447,0,0
g188,2216,4,79,103,0
g1880,1282,6,136,332,0
g1881,522,4,83,91,0
g1882,2115,9,152,17,0
g1883,1524,6,436,11,0
g1884,1172,7,3,165,0
g1885,2030,4,151,22,0
g1886,2435,11,79,95,0
g1887,831,2,2,340,0
g1888,675,129,5,318,0
g1889,189,5,442,0,0
g189,2027,4,154,22,0
g1890,1767,17,442,4,0
g1891,443,4,128,319,0
g1892,2069,9,152,17,0
g1893,1250,10,396,105,0
g1894,2181,4,79,103,0
g1895,1751,13,357,4,0
g1896,558,4,84,92,1
g1897,1764,17,443,4,0
g1898,550,4,84,92,1
g1899,1333,6,311,25,0
g19,1502,6,452,11,0
g190,1020,85,5,91,0
g1900,1466,6,457,15,0
g1901,1518,6,35396,614,0
g1902,1403,6,454,11,0
g1903,1265,6,137,332,0
g1904,277,4,317,0,0
g1905,1592,6,123,330,0
g1906,257,5,442,0,0
g1907,1343,6,453,11,0
g1908,911,318,5,36,0
g1909,621,10,9,320,0
g191,2573,22,154,4,0
g1910,1926,4,151,22,0
g1911,1611,3,41,330,0
g1912,2383,14,78,101,0
g1913,903,84,5,90,0
g1914,2014,4,152,22,0
g1915,2070,9,153,17,0
g1916,718,84,5,90,0
g1917,1251,10,396,105,0
g1918,959,85,5,91,0
g1919,2572,22,154,4,0
g192,1551,6,436,11,0
g1920,2092,9,153,17,0
g1921,596,1104,5,8624,0
g1922,1552,6,438,11,0
g1923,173,5,442,0,0
g1924,2066,9,153,17,0
g1925,1872,6,320,16,0
g1926,575,4,84,92,1
g1927,518,4,83,91,0
g1928,1289,6,138,332,0
g1929,2111,9,151,17,0
g193,2206,4,79,103,0
g1930,993,10,5,325,0
g1931,1287,6,138,330,0
g1932,399,4,83,91,0
g1933,660,128,5,318,0
g1934,918,333,5,22,0
g1935,715,84,5,90,0
g1936,2349,3,77,112,0
g1937,1244,10,397,105,0
g1938,644,9,307,15,0
g1939,2166,4,78,102,0
g194,1017,85,5,91,0
g1940,1440,6,138,330,0
g1941,506,4,83,91,0
g1942,1053,360,5,21,0
g1943,183,5,442,0,0
g1944,1795,18,440,4,0
g1945,2176,4,79,103,0
g1946,2052,4,152,22,0
g1947,848,129,5,318,0
g1948,2234,6,96,100,0
g1949,2211,4,78,102,0
g195,1087,3,2,169,0
g1950,2251,6,97,101,0
g1951,132,4,441,0,0
g1952,772,84,5,90,0
g1953,1809,13,437,4,0
g1954,902,84,5,90,0
g1955,380,4,128,321,0
g1956,2031,4,152,22,0
g1957,1899,48,4,126,0
g1958,1604,6,123,330,0
g1959,1144,53,11,559,0
g196,1079,3,2,594,0
g1960,1719,17,1099,8629,0
g1961,2503,11,79,95,0
g1962,591,273,5,9455,0
g1963,1255,7,2,341,0
g1964,273,5,442,0,0
g1965,463,4,82,90,0
g1966,304,4,316,0,0
g1967,2363,6,94,109,0
g1968,442,4,128,321,0
g1969,2426,11,79,95,0
g197,1167,133,9,320,0
g1970,1879,20,329,4,0
g1971,1913,66,3,106,0
g1972,1686,13,124,325,0
g1973,2341,3,77,112,0
g1974,297,5,443,0,0
g1975,2434,11,79,95,0
g1976,1973,4,151,22,0
g1977,1549,6,438,11,0
g1978,742,2,2,178,0
g1979,2138,4,78,102,0
g198,1535,6,438,11,0
g1980,710,2,2,320,0
g1981,2360,3,77,112,0
g1982,2562,21,78,94,0
g1983,619,382,5,513,0
g1984,254,2,2,0,0
g1985,2565,21,78,94,0
g1986,1292,6,137,330,0
g1987,2209,4,78,102,0
g1988,2085,9,152,17,0
g1989,286,4,585,0,0
g199,1146,53,11,558,0
g1990,1395,6,183,417,0
g1991,868,129,5,320,0
g1992,449,4,127,319,0
g1993,1443,6,460,15,0
g1994,1468,6,138,330,0
g1995,2574,22,153,4,0
g1996,1092,3,2,169,0
g1997,2354,6,95,109,0
g1998,198,4,441,0,0
g1999,2164,4,78,102,0
g2,1222,10,441,11,0
g20,407,4,83,91,0
g200,897,83,5,89,0
g2000,2143,4,78,102,0
g2001,2651,394,7,1709,1
g2002,2338,3,77,112,0
g2003,585,9,273,9459,0
g2004,1741,13,436,4,0
g2005,272,5,444,0,0
g2006,236,4,447,0,0
g2007,945,448,5,25,0
g2008,1916,68,3,108,0
g2009,451,4,128,321,0
g201,2597,22,153,4,0
g2010,1362,6,452,11,0
g2011,577,9,10,325,0
g2012,594,551,5,9177,0
g2013,904,84,5,89,0
g2014,2588,22,153,4,0
g2015,1623,6,123,340,0
g2016,1324,6,435,11,0
g2017,2373,3,77,113,0
g2018,2291,6,96,100,0
g2019,2303,6,96,100,0
g202,1163,133,9,320,0
g2020,118,4,443,0,0
g2021,856,129,5,320,0
g2022,2540,21,78,94,0
g2023,103,4,158,0,0
g2024,2583,22,154,4,0
g2025,747,84,5,90,0
g2026,1239,10,396,105,0
g2027,1807,13,328,11,0
g2028,1591,3,41,301,0
g2029,2077,9,152,17,0
g203,576,190,5,136,0
g2030,1512,6,2219,7534,0
g2031,574,4,84,92,1
g2032,1131,2,160,24,0
g2033,2321,3,77,112,0
g2034,2013,4,150,22,0
g2035,1594,6,122,330,0
g2036,1497,6,453,14,0
g2037,1291,6,137,330,0
g2038,1304,6,438,11,0
g2039,274,5,442,0,0
g204,1827,13,437,4,0
g2040,2612,12,833,8901,0
g2041,1221,10,442,11,0
g2042,951,159,5,26,0
g2043,1874,6,358,12,0
g2044,1311,6,436,11,0
g2045,1166,133,9,320,0
g2046,1418,9,3,171,0
g2047,2193,4,78,102,0
g2048,1650,9,3,171,0
g2049,855,129,5,318,0
g205,438,4,128,319,0
g2050,2415,11,79,95,0
g2051,1644,6,452,11,0
g2052,1370,6,453,11,0
g2053,2215,4,78,102,0
g2054,805,85,5,91,0
g2055,265,5,444,0,0
g2056,1280,6,136,332,0
g2057,536,4,9,321,0
g2058,2082,9,153,17,0
g2059,1701,13,123,325,0
g206,437,4,127,319,0
g2060,762,84,5,90,0
g2061,421,4,83,91,0
g2062,2536,12,153,14,0
g2063,1267,6,438,11,0
g2064,1560,6,354,11,0
g2065,1788,18,444,4,0
g2066,1654,9,3,171,0
g2067,458,4,127,319,0
g2068,1126,2,160,24,0
g2069,2476,11,79,95,0
g207,935,83,5,89,0
g2070,453,4,128,319,0
g2071,2125,4,78,102,0
g2072,2306,6,96,100,0
g2073,483,4,83,90,0
g2074,1446,6,136,330,0
g2075,1405,12,189,423,0
g2076,1787,17,442,4,0
g2077,312,2,2,0,0
g2078,316,5,445,0,0
g2079,1790,13,437,4,0
g208,1967,4,152,22,0
g2080,2140,4,78,102,0
g2081,2384,14,78,101,0
g2082,1706,13,124,325,0
g2083,818,85,5,91,0
g2084,175,5,444,0,0
g2085,1106,2,161,24,0
g2086,626,82,7,248,0
g2087,227,4,447,0,0
g2088,2361,6,94,109,0
g2089,768,451,5,26,0
g209,1655,9,3,171,0
g2090,413,4,83,91,0
g2091,1373,6,370,11,0
g2092,1888,293,10,298,0
g2093,1157,133,9,320,0
g2094,2163,4,78,102,0
g2095,685,83,5,89,0
g2096,754,85,5,91,0
g2097,226,4,447,0,0
g2098,1831,13,437,4,0
g2099,1683,13,124,323,0
g21,2314,6,96,100,0
g210,2473,11,80,96,0
g2100,2581,22,154,4,0
g2101,539,4,93,237,0
g2102,447,4,128,321,0
g2103,279,4,333,0,0
g2104,1858,311,10,112,0
g2105,105,4,157,0,0
g2106,1522,6,438,11,0
g2107,1018,442,5,21,0
g2108,832,17424,13,874,0
g2109,2224,6,96,100,0
g211,287,4,333,0,0
g2110,630,178,11,148,0
g2111,459,4,128,319,0
g2112,1639,10,2204,7530,0
g2113,1909,65,5,111,0
g2114,1588,6,123,330,0
g2115,2533,12,152,14,0
g2116,457,4,127,319,0
g2117,664,129,5,318,0
g2118,774,442,5,21,0
g2119,247,2,2,0,0
g212,1609,6,123,332,0
g2120,358,4,128,319,0
g2121,1133,2,160,24,0
g2122,1869,23,287,313,0
g2123,1029,448,5,27,0
g2124,1253,10,396,105,0
g2125,2089,9,153,17,0
g2126,2239,6,96,100,0
g2127,2274,6,97,101,0
g2128,1479,6,454,11,0
g2129,1122,2,161,24,0
g213,444,4,128,319,0
g2130,1509,6,457,15,0
g2131,1850,17,17689,603,0
g2132,2484,11,79,95,0
g2133,1393,6,182,417,0
g2134,2528,12,152,14,0
g2135,1891,10,578,11,0
g2136,1845,13,437,4,0
g2137,2012,4,154,22,0
g2138,1392,9,439,11,0
g2139,1114,2,160,24,0
g214,1492,6,325,8,0
g2140,1038,159,5,26,0
g2141,1056,445,5,24,0
g2142,1541,6,436,11,0
g2143,509,4,83,91,0
g2144,1105,301,7,19,0
g2145,1841,13,439,4,0
g2146,1085,3,2,169,0
g2147,632,370,7,525,0
g2148,2600,22,154,4,0
g2149,691,84,5,89,0
g215,256,5,442,0,0
g2150,2283,6,96,100,0
g2151,89,4,157,0,0
g2152,2188,4,78,102,0
g2153,420,4,83,91,0
g2154,307,4,314,0,0
g2155,1047,85,5,91,0
g2156,2511,12,152,14,0
g2157,271,5,442,0,0
g2158,249,4,359,0,0
g2159,957,159,5,26,0
g216,1582,6,123,330,0
g2160,1336,6,452,11,0
g2161,1052,448,5,27,0
g2162,1188,10,258,19,0
g2163,1274,6,56,298,0
g2164,1928,4,154,22,0
g2165,1119,2,161,24,0
g2166,1162,133,9,320,0
g2167,2034,4,152,22,0
g2168,1806,10,312,4,0
g2169,2571,22,154,4,0
g217,2040,4,154,22,0
g2170,1983,4,152,22,0
g2171,1220,10,442,11,0
g2172,2122,9,153,17,0
g2173,2129,4,78,102,0
g2174,1358,6,458,15,0
g2175,598,6,825,8903,0
g2176,1923,4,152,22,0
g2177,1467,6,459,15,0
g2178,139,4,441,0,0
g2179,2479,11,79,95,0
g218,1519,6,329,25,0
g2180,1579,6,122,330,0
g2181,651,38,7,304,0
g2182,414,4,83,91,0
g2183,1907,64,5,110,0
g2184,682,2,2,184,0
g2185,2466,11,80,96,0
g2186,1754,16,440,4,0
g2187,2631,129,5,1974,1
g2188,2430,11,79,95,0
g2189,2189,4,78,102,0
g219,1100,6,278,29,0
g2190,248,4,359,0,0
g2191,2330,6,95,109,0
g2192,2481,11,79,95,0
g2193,166,5,442,0,0
g2194,1007,84,5,90,0
g2195,471,4,83,90,0
g2196,2522,12,152,14,0
g2197,1915,67,3,107,0
g2198,1363,6,454,11,0
g2199,404,4,83,91,0
g22,1254,12,266,11,0
g220,1299,6,137,330,0
g2200,1570,6,123,330,0
g2201,1327,6,435,11,0
g2202,648,8,39,346,0
g2203,503,4,35386,599,0
g2204,1641,10,545,9189,0
g2205,604,6,4143,5585,0
g2206,638,39,4,133,0
g2207,1083,3,2,169,0
g2208,814,159,5,26,0
g2209,174,5,442,0,0
g221,87,4,157,0,0
g2210,2510,12,152,14,0
g2211,2398,14,78,101,0
g2212,841,129,5,318,0
g2213,819,85,5,91,0
g2214,2093,9,151,17,0
g2215,283,4,332,0,0
g2216,1472,6,456,11,0
g2217,2064,9,152,17,0
g2218,1875,6,610,16,0
g2219,2041,4,151,22,0
g222,1670,10,42,323,0
g2220,2131,4,78,102,0
g2221,2320,3,77,112,0
g2222,790,360,5,23,0
g2223,1511,6,1113,8640,0
g2224,372,4,128,319,0
g2225,1117,2,160,24,0
g2226,738,2,2,178,0
g2227,519,4,83,91,0
g2228,2028,4,152,22,0
g2229,1932,4,154,22,0
g223,1675,18,446,4,0
g2230,765,444,5,21,0
g2231,2446,11,80,96,0
g2232,1662,9,3,171,0
g2233,960,158,5,26,0
g2234,1688,13,124,325,0
g2235,2447,11,80,96,0
g2236,91,4,157,0,0
g2237,2312,6,96,100,0
g2238,1848,17,8841,877,0
g2239,2394,14,78,101,0
g224,266,5,442,0,0
g2240,117,4,442,0,0
g2241,1774,13,124,323,0
g2242,2270,6,97,101,0
g2243,2637,134,6,1969,1
g2244,850,128,5,318,0
g2245,846,129,5,320,0
g2246,108,4,158,0,0
g2247,1084,3,2,169,0
g2248,1691,13,124,323,0
g2249,1781,17,442,4,0
g225,2385,14,78,101,0
g2250,2355,3,77,112,0
g2251,1490,6,327,8,0
g2252,543,4,1530,126,0
g2253,2053,4,152,22,0
g2254,748,84,5,90,0
g2255,1649,9,3,171,0
g2256,1530,6,354,11,0
g2257,1249,10,396,105,0
g2258,92,4,157,0,0
g2259,1885,7,328,11,0
g226,1314,6,436,11,0
g2260,684,84,5,90,0
g2261,2539,21,79,94,0
g2262,816,442,5,21,0
g2263,382,4,128,321,0
g2264,1567,6,122,330,0
g2265,172,5,444,0,0
g2266,1109,4,2,170,0
g2267,424,4,25,282,0
g2268,2614,11,1526,130,0
g2269,1366,6,452,11,0
g227,2441,11,79,95,0
g2270,240,4,447,0,0
g2271,1032,85,5,91,0
g2272,1068,3,2,345,0
g2273,530,4,83,91,0
g2274,1556,6,436,11,0
g2275,893,83,5,89,0
g2276,1924,4,154,22,0
g2277,2327,3,77,112,0
g2278,516,4,83,91,0
g2279,2056,4,152,22,0
g228,1786,13,124,325,0
g2280,1104,6,300,20,0
g2281,1050,442,5,21,0
g2282,2345,3,77,112,0
g2283,2557,21,79,94,0
g2284,416,4,83,91,0
g2285,2252,6,97,101,0
g2286,1829,13,439,4,0
g2287,2322,6,95,109,0
g2288,1999,4,154,22,0
g2289,1658,9,3,171,0
g229,963,85,5,91,0
g2290,1679,13,124,325,0
g2291,1534,6,891,25,0
g2292,209,4,440,0,0
g2293,673,129,5,320,0
g2294,1576,6,122,330,0
g2295,2021,4,151,22,0
g2296,1078,9,333,405,0
g2297,2248,6,96,100,0
g2298,1832,13,437,4,0
g2299,2101,9,151,17,0
g23,763,84,5,90,0
g230,408,4,83,91,0
g2300,1901,49,4,127,0
g2301,670,129,5,318,0
g2302,1474,6,370,11,0
g2303,566,4,84,92,1
g2304,2097,9,151,17,0
g2305,746,448,5,25,0
g2306,2496,11,79,95,0
g2307,873,129,5,318,0
g2308,749,159,5,26,0
g2309,1624,6,123,342,0
g231,1236,10,397,105,0
g2310,1998,4,152,22,0
g2311,1528,6,438,11,0
g2312,2359,6,94,109,0
g2313,932,84,5,90,0
g2314,228,4,447,0,0
g2315,694,84,5,90,0
g2316,1877,27,313,4,0
g2317,2037,4,152,22,0
g2318,450,4,128,321,0
g2319,2121,9,152,17,0
g232,1423,9,3,171,0
g2320,207,4,443,0,0
g2321,1821,13,439,4,0
g2322,2073,9,151,17,0
g2323,2219,9,152,17,0
g2324,1548,6,605,25,0
g2325,2241,6,96,100,0
g2326,2372,3,77,113,0
g2327,2335,3,77,112,0
g2328,410,4,83,91,0
g2329,171,5,442,0,0
g233,1803,13,124,325,0
g2330,1048,450,5,26,0
g2331,1966,4,151,22,0
g2332,988,158,5,26,0
g2333,90,4,157,0,0
g2334,592,4422,5,5306,0
g2335,1523,6,436,11,0
g2336,308,5,360,0,0
g2337,381,4,128,321,0
g2338,1313,6,436,11,0
g2339,2002,4,152,22,0
g234,2545,21,79,94,0
g2340,717,205,22,108,0
g2341,441,4,128,319,0
g2342,497,4,550,9178,0
g2343,2208,4,78,102,0
g2344,1435,6,460,15,0
g2345,1936,4,154,22,0
g2346,2184,4,79,103,0
g2347,2232,6,96,100,0
g2348,829,281,11,9453,0
g2349,1537,3,309,11,0
g235,1661,9,3,171,0
g2350,2601,22,154,4,0
g2351,159,4,443,0,0
g2352,1954,4,151,22,0
g2353,2500,11,79,95,0
g2354,2419,11,79,95,0
g2355,881,129,5,320,0
g2356,1009,447,5,25,0
g2357,2445,11,80,96,0
g2358,1429,9,3,171,0
g2359,203,4,443,0,0
g236,1204,10,442,11,0
g2360,949,84,5,90,0
g2361,1860,317,10,118,0
g2362,916,272,5,28,0
g2363,671,47,5,318,0
g2364,1918,67,4,122,0
g2365,1306,6,436,11,0
g2366,2287,6,96,100,0
g2367,2183,4,79,103,0
g2368,1598,6,123,330,0
g2369,745,2,2,178,0
g237,2552,21,79,94,0
g2370,1513,6,8855,888,0
g2371,1653,9,3,171,0
g2372,1736,13,439,4,0
g2373,726,84,5,90,0
g2374,617,94,5,236,0
g2375,318,5,444,0,0
g2376,98,4,158,0,0
g2377,2262,6,97,101,0
g2378,148,4,442,0,0
g2379,2494,11,79,95,0
g238,2521,12,153,14,0
g2380,1833,13,439,4,0
g2381,1794,13,439,4,0
g2382,305,4,314,0,0
g2383,1414,6,345,18,0
g2384,557,4,84,92,1
g2385,609,8568,11,1156,0
g2386,1630,6,122,330,0
g2387,1862,2,290,305,0
g2388,2259,6,97,101,0
g2389,890,334,5,29,0
g239,1329,6,435,11,0
g2390,909,84,5,89,0
g2391,538,4,45,285,0
g2392,1030,84,5,90,0
g2393,1349,6,452,11,0
g2394,1761,13,124,325,0
g2395,1376,6,454,11,0
g2396,702,83,5,89,0
g2397,1149,133,9,320,0
g2398,2229,6,96,100,0
g2399,534,4,83,91,0
g24,1421,9,3,171,0
g240,1517,6,56,327,0
g2400,1810,13,312,18,0
g2401,1804,13,437,4,0
g2402,402,4,83,91,0
g2403,1580,6,123,332,0
g2404,1031,362,5,21,0
g2405,220,4,446,0,0
g2406,1696,13,123,323,0
g2407,1209,10,441,11,0
g2408,2191,4,78,102,0
g2409,2575,22,153,4,0
g241,2348,6,95,109,0
g2410,1181,136,21,320,0
g2411,1960,4,154,22,0
g2412,216,4,446,0,0
g2413,130,4,443,0,0
g2414,1603,6,123,330,0
g2415,2421,11,79,95,0
g2416,882,129,5,320,0
g2417,378,4,128,319,0
g2418,1595,3,41,301,0
g2419,2023,4,154,22,0
g242,1499,6,136,332,0
g2420,599,826,7,8902,0
g2421,1476,6,454,11,0
g2422,2245,6,96,100,0
g2423,2530,12,153,14,0
g2424,950,317,5,18,0
g2425,731,2,2,178,0
g2426,1402,12,188,423,0
g2427,2374,6,95,110,0
g2428,1681,13,124,325,0
g2429,2440,11,79,95,0
g243,1564,6,123,330,0
g2430,597,273,9,9461,0
g2431,1235,10,397,105,0
g2432,1270,6,138,332,0
g2433,792,2,2,178,0
g2434,1544,6,436,11,0
g2435,2638,9,128,2094,1
g2436,1231,10,397,105,0
g2437,1269,6,137,330,0
g2438,1193,7,3,165,0
g2439,2448,11,80,96,0
g244,1993,4,152,22,0
g2440,994,442,5,21,0
g2441,2585,22,154,4,0
g2442,2165,4,78,102,0
g2443,879,129,5,320,0
g2444,1413,6,455,14,0
g2445,431,4,127,319,0
g2446,2403,17,95,98,0
g2447,906,84,5,90,0
g2448,2353,3,77,112,0
g2449,708,84,5,90,0
g245,665,128,5,318,0
g2450,1160,132,9,320,0
g2451,1957,4,152,22,0
g2452,1171,8,3,166,0
g2453,1910,64,5,110,0
g2454,2422,11,79,95,0
g2455,1671,13,439,4,0
g2456,1374,6,138,332,0
g2457,2018,4,154,22,0
g2458,970,85,5,91,0
g2459,1583,6,122,332,0
g246,1170,8,3,166,0
g2460,924,333,5,22,0
g2461,2495,11,79,95,0
g2462,1578,6,123,330,0
g2463,1386,6,461,16,0
g2464,2603,2,2,161,0
g2465,1865,3,292,305,0
g2466,2130,4,79,103,0
g2467,504,4,83,91,0
g2468,1298,6,138,330,0
g2469,2060,9,153,17,0
g247,1712,17,35382,603,0
g2470,313,2,2,0,0
g2471,2263,6,97,101,0
g2472,2433,11,79,95,0
g2473,1039,1104,5,8649,0
g2474,2328,6,95,109,0
g2475,2436,11,79,95,0
g2476,2294,6,96,100,0
g2477,634,6,753,142,0
g2478,1493,288,3,309,0
g2479,2112,9,153,17,0
g248,2380,17,95,98,0
g2480,2231,6,96,100,0
g2481,595,8846,5,9456,0
g2482,511,4,83,91,0
g2483,1187,259,11,18,0
g2484,1433,6,456,11,0
g2485,264,5,442,0,0
g2486,1214,10,441,11,0
g2487,1613,6,123,332,0
g2488,1454,6,344,11,0
g2489,669,129,5,318,0
g249,2382,14,78,101,0
g2490,2197,4,78,102,0
g2491,2463,11,80,96,0
g2492,695,84,5,89,0
g2493,810,85,5,91,0
g2494,2258,6,97,101,0
g2495,1621,6,123,332,0
g2496,2323,3,77,112,0
g2497,489,4,82,90,0
g2498,1943,4,152,22,0
g2499,646,306,8,14,0
g25,1721,13,123,323,0
g250,1729,13,123,325,0
g2500,1261,53,21,382,0
g2501,1400,6,344,11,0
g2502,1718,13,124,323,0
g2503,1842,17,2205,7523,0
g2504,1847,13,355,4,0
g2505,779,442,5,21,0
g2506,2343,6,94,109,0
g2507,2055,4,151,22,0
g2508,1772,13,328,4,0
g2509,1557,6,438,11,0
g251,2344,3,77,112,0
g2510,1768,17,443,4,0
g2511,1707,13,124,323,0
g2512,1323,6,438,11,0
g2513,1005,441,5,21,0
g2514,1590,6,123,332,0
g2515,1935,4,152,22,0
g2516,1682,13,437,4,0
g2517,583,8846,5,872,0
g2518,2079,9,152,17,0
g2519,1419,9,3,171,0
g252,2154,4,78,102,0
g2520,1585,6,123,332,0
g2521,1664,14,268,9460,0
g2522,1043,84,5,90,0
g2523,836,8576,13,1148,0
g2524,2273,6,97,101,0
g2525,1793,13,439,4,0
g2526,1763,17,443,4,0
g2527,2368,3,77,112,0
g2528,2520,12,153,14,0
g2529,1238,10,396,105,0
g253,1121,2,161,24,0
g2530,571,4,84,92,1
g2531,639,15,4,157,0
g2532,2169,4,78,102,0
g2533,989,2210,5,7543,0
g2534,1197,135,11,477,0
g2535,2531,12,152,14,0
g2536,210,4,440,0,0
g2537,1538,6,438,11,0
g2538,2474,11,80,96,0
g2539,1375,10,442,11,0
g254,1180,136,21,320,0
g2540,899,84,5,89,0
g2541,996,443,5,21,0
g2542,2538,12,153,14,0
g2543,757,2,2,178,0
g255,155,4,440,0,0
g256,197,4,442,0,0
g257,113,4,157,0,0
g258,662,129,5,318,0
g259,1219,10,442,11,0
g26,976,158,5,26,0
g260,561,4,84,92,1
g261,1384,10,442,11,0
g262,2279,6,97,101,0
g263,2276,6,97,101,0
g264,1330,6,435,11,0
g265,2525,12,152,14,0
g266,2150,4,78,102,0
g267,476,4,83,90,0
g268,713,159,5,26,0
g269,2602,22,78,94,0
g27,1225,8,60,324,0
g270,2599,22,154,4,0
g271,775,444,5,23,0
g272,1959,4,152,22,0
g273,1176,7,3,165,0
g274,570,4,84,92,1
g275,2390,17,95,98,0
g276,2459,11,80,96,0
g277,1263,15,4,157,0
g278,1484,6,454,11,0
g279,356,4,128,321,0
g28,1348,6,452,11,0
g280,1952,4,154,22,0
g281,1203,10,441,11,0
g282,1692,13,124,323,0
g283,982,442,5,21,0
g284,295,2,2,0,0
g285,1103,10,252,303,0
g286,858,128,5,318,0
g287,2228,6,96,100,0
g288,1399,6,454,11,0
g289,2302,6,96,100,0
g29,650,38,7,275,0
g290,2264,6,97,101,0
g291,1562,6,438,11,0
g292,293,2,2,0,0
g293,822,2,2,178,0
g294,681,129,5,320,0
g295,1394,6,452,11,0
g296,359,4,128,321,0
g297,1465,6,458,15,0
g298,2450,11,80,96,0
g299,367,4,128,321,0
g3,1132,2,161,24,0
g30,2399,11,79,95,0
g300,2395,14,78,101,0
g301,1369,6,138,332,0
g302,2509,12,153,14,0
g303,1134,5,3,171,0
g304,1229,10,396,105,0
g305,928,296,5,40,0
g306,1947,4,154,22,0
g307,2203,4,78,102,0
g308,1678,13,437,4,0
g309,387,4,46,319,0
g31,439,4,128,321,0
g310,1964,4,152,22,0
g311,2376,6,95,110,0
g312,1676,13,438,4,0
g313,1731,13,124,323,0
g314,2199,4,79,103,0
g315,2649,133,6,1970,1
g316,1461,6,459,15,0
g317,2468,11,80,96,0
g318,2247,6,96,100,0
g319,714,2,2,178,0
g32,1531,6,893,18,0
g320,164,5,442,0,0
g321,1168,132,9,320,0
g322,1739,13,124,325,0
g323,567,4,84,92,1
g324,1958,4,151,22,0
g325,2275,6,97,101,0
g326,983,158,5,26,0
g327,656,129,5,320,0
g328,813,158,5,26,0
g329,2142,4,78,102,0
g33,1882,11,330,105,0
g330,2195,4,79,103,0
g331,1866,11,3,337,0
g332,1240,10,397,105,0
g333,158,4,441,0,0
g334,2225,6,96,100,0
g335,2369,6,94,109,0
g336,579,9,382,121,0
g337,2519,12,153,14,0
g338,2491,11,79,95,0
g339,876,47,5,318,0
g34,741,2,2,178,0
g340,1610,6,123,332,0
g341,1488,6,452,11,0
g342,361,4,128,319,0
g343,2594,22,154,4,0
g344,565,4,84,92,1
g345,1997,4,150,22,0
g346,1337,6,454,11,0
g347,2117,9,152,17,0
g348,900,586,5,40,0
g349,2457,11,80,96,0
g35,1508,6,56,327,0
g350,1233,10,396,105,0
g351,563,4,84,92,1
g352,2071,9,152,17,0
g353,824,448,5,27,0
g354,464,4,82,90,0
g355,761,2,2,369,0
g356,1271,6,138,332,0
g357,825,448,5,27,0
g358,1276,6,138,330,0
g359,1027,8846,5,897,0
g36,2161,4,78,102,0
g360,2268,6,97,101,0
g361,2289,6,96,100,0
g362,793,448,5,25,0
g363,1555,6,436,11,0
g364,2659,289,8,1814,1
g365,1262,53,21,382,0
g366,2272,6,97,101,0
g367,1021,444,5,21,0
g368,1632,6,123,330,0
g369,2570,22,154,4,0
g37,1797,13,439,4,0
g370,177,5,444,0,0
g371,184,5,444,0,0
g372,1067,3,2,169,0
g373,180,5,445,0,0
g374,1748,19,267,4,0
g375,1228,10,397,105,0
g376,423,4,83,91,0
g377,2038,4,150,22,0
g378,1169,14,318,400,0
g379,418,4,83,91,0
g38,232,4,446,0,0
g380,1708,13,124,325,0
g381,430,4,128,319,0
g382,2392,14,78,101,0
g383,2020,4,152,22,0
g384,1312,6,436,11,0
g385,2177,4,79,103,0
g386,186,5,442,0,0
g387,299,5,442,0,0
g388,2087,9,152,17,0
g389,2310,6,96,100,0
g39,2465,11,80,96,0
g390,2297,6,96,100,0
g391,1110,2,160,24,0
g392,2615,12,761,130,0
g393,2009,4,152,22,0
g394,261,5,442,0,0
g395,2074,9,153,17,0
g396,1864,24,245,53,0
g397,2221,6,96,100,0
g398,2003,4,154,22,0
g399,2351,3,77,112,0
g4,1464,6,138,340,0
g40,803,84,5,90,0
g400,368,4,128,319,0
g401,2543,21,79,94,0
g402,1812,13,312,18,0
g403,2455,11,80,96,0
g404,1884,11,318,105,0
g405,1207,10,442,11,0
g406,1646,9,3,171,0
g407,2110,9,153,17,0
g408,1674,10,42,323,0
g409,2490,11,79,95,0
g41,1816,13,439,4,0
g410,2577,22,154,4,0
g411,379,4,128,321,0
g412,679,129,5,320,0
g413,480,4,82,90,0
g414,2566,21,78,94,0
g415,857,128,5,318,0
g416,474,4,83,90,0
g417,2186,4,79,103,0
g418,1368,6,138,330,0
g419,2090,9,151,17,0
g42,2610,12,4151,5583,0
g420,1332,6,438,11,0
g421,473,4,83,90,0
g422,2640,134,6,1969,1
g423,837,4152,13,5582,0
g424,535,4,83,91,0
g425,1185,6,553,116,0
g426,1408,6,138,330,0
g427,520,4,83,91,0
g428,2086,9,153,17,0
g429,1350,6,138,330,0
g43,2660,535,8,1568,1
g430,2493,11,79,95,0
g431,781,441,5,21,0
g432,2076,9,153,17,0
g433,817,2,2,178,0
g434,2364,3,77,112,0
g435,1945,4,151,22,0
g436,365,4,128,319,0
g437,764,444,5,21,0
g438,462,4,83,90,0
g439,641,308,10,14,0
g44,2437,11,79,95,0
g440,908,84,5,90,0
g441,2128,4,79,103,0
g442,1905,14,19,318,0
g443,1870,286,22,303,0
g444,1948,4,152,22,0
g445,1226,10,397,105,0
g446,1540,6,436,11,0
g447,843,129,5,318,0
g448,137,4,441,0,0
g449,1825,13,437,4,0
g45,2099,9,151,17,0
g450,2146,4,78,102,0
g451,1058,442,5,21,0
g452,1516,6,452,11,0
g453,1626,6,122,330,0
g454,2178,4,79,103,0
g455,2141,4,79,103,0
g456,1088,9,334,405,0
g457,1054,362,5,21,0
g458,1777,17,443,4,0
g459,93,4,157,0,0
g46,2617,12,185,141,0
g460,2428,11,79,95,0
g461,2280,6,97,101,0
g462,1962,4,152,22,0
g463,672,2,2,172,0
g464,2591,22,153,4,0
g465,2515,12,153,14,0
g466,262,5,444,0,0
g467,633,370,11,137,0
g468,1257,19,318,395,0
g469,1463,6,457,15,0
g47,914,83,5,89,0
g470,969,447,5,27,0
g471,1704,13,123,323,0
g472,2032,4,154,22,0
g473,1316,6,437,11,0
g474,980,443,5,23,0
g475,2084,9,153,17,0
g476,593,2210,5,7518,0
g477,2418,11,79,95,0
g478,1364,6,136,332,0
g479,1800,13,124,333,0
g48,1483,6,454,11,0
g480,1111,2,161,24,0
g481,1024,35387,5,623,0
g482,1346,6,461,16,0
g483,1192,7,3,165,0
g484,2298,6,96,100,0
g485,101,4,157,0,0
g486,869,129,5,318,0
g487,865,129,5,318,0
g488,1698,13,124,323,0
g489,2397,14,78,101,0
g49,1424,9,3,171,0
g490,1828,13,439,4,0
g491,938,444,5,21,0
g492,2192,4,79,103,0
g493,1396,9,440,11,0
g494,315,2,2,0,0
g495,919,84,5,90,0
g496,2497,11,79,95,0
g497,2190,4,78,102,0
g498,1275,6,137,332,0
g499,653,128,5,320,0
g5,1737,19,61,313,0
g50,796,84,5,90,0
g500,627,82,11,248,0
g501,2318,3,77,112,0
g502,2561,21,78,94,0
g503,2235,6,96,100,0
g504,1851,13,355,4,0
g505,913,83,5,89,0
g506,542,4,765,126,0
g507,589,11,9122,592,0
g508,1951,4,152,22,0
g509,1826,13,437,4,0
g51,1612,6,123,332,0
g510,1339,6,453,11,0
g511,733,448,5,25,0
g512,1325,6,438,11,0
g513,200,4,440,0,0
g514,2006,4,152,22,0
g515,1286,6,138,330,0
g516,1819,13,439,4,0
g517,1680,13,439,4,0
g518,1638,10,4416,5318,0
g519,110,4,158,0,0
g52,572,4,84,92,1
g520,786,441,5,23,0
g521,426,4,294,26,0
g522,677,129,5,320,0
g523,1457,6,372,11,0
g524,152,4,442,0,0
g525,2645,257,6,1846,1
g526,1198,133,9,320,0
g527,2630,129,5,1974,1
g528,456,4,128,321,0
g529,1599,6,123,332,0
g53,2541,21,78,94,0
g530,2004,4,152,22,0
g531,719,442,5,21,0
g532,1445,6,458,15,0
g533,1380,6,452,11,0
g534,2105,9,152,17,0
g535,156,4,440,0,0
g536,1383,6,138,332,0
g537,1074,3,2,169,0
g538,2558,21,79,94,0
g539,500,4,4421,5307,0
g54,1035,85,5,91,0
g540,1906,17,303,60,0
g541,2609,12,8575,1149,0
g542,2324,3,77,112,0
g543,1636,10,17688,610,0
g544,112,4,158,0,0
g545,1792,13,436,4,0
g546,2516,12,153,14,0
g547,470,4,83,90,0
g548,2387,14,78,101,0
g549,1849,13,439,4,0
g55,1867,29,319,385,0
g550,878,129,5,320,0
g551,1815,10,310,4,0
g552,1596,6,122,332,0
g553,1164,133,9,320,0
g554,844,129,5,320,0
g555,2256,6,97,101,0
g556,898,84,5,90,0
g557,896,84,5,90,0
g558,1342,6,454,11,0
g559,233,4,446,0,0
g56,2149,4,78,102,0
g560,712,2,2,369,0
g561,1451,6,458,15,0
g562,798,2,2,178,0
g563,2650,19,129,2084,1
g564,1113,2,161,24,0
g565,607,6,8567,1161,0
g566,1950,4,154,22,0
g567,303,5,444,0,0
g568,1837,13,439,4,0
g569,1130,2,161,24,0
g57,405,4,83,91,0
g570,2467,11,80,96,0
g571,419,4,83,91,0
g572,776,84,5,90,0
g573,1015,444,5,21,0
g574,1985,11,70,187,0
g575,1412,16,308,41,0
g576,2623,128,5,1975,1
g577,1355,6,327,8,0
g578,2296,6,96,100,0
g579,2307,6,96,100,0
g58,1606,6,123,332,0
g580,2301,6,96,100,0
g581,1796,13,124,323,0
g582,1190,285,9,22,0
g583,751,2,2,369,0
g584,815,159,5,26,0
g585,1215,11,443,11,0
g586,107,4,158,0,0
g587,1978,4,152,22,0
g588,1802,13,328,4,0
g589,412,4,83,91,0
g59,2414,15,78,101,0
g590,2611,12,1939,7795,0
g591,1485,6,454,11,0
g592,1300,6,435,11,0
g593,95,4,158,0,0
g594,1883,11,318,105,0
g595,696,84,5,89,0
g596,206,4,441,0,0
g597,1963,4,154,22,0
g598,1061,443,5,21,0
g599,2366,3,77,112,0
g6,826,2,2,178,0
g60,2148,4,78,102,0
g600,2185,4,79,103,0
g601,1179,5,2,343,0
g602,1854,13,355,4,0
g603,1805,13,328,4,0
g604,975,84,5,90,0
g605,2462,11,80,96,0
g606,915,584,5,39,0
g607,2204,4,78,102,0
g608,821,442,5,21,0
g609,2253,6,97,101,0
g61,2022,4,152,22,0
g610,808,85,5,91,0
g611,1063,444,5,21,0
g612,1139,134,11,320,0
g613,2417,15,78,101,0
g614,1575,6,123,330,0
g615,2452,11,80,96,0
g616,834,2,2,340,0
g617,771,442,5,21,0
g618,1458,6,138,342,0
g619,939,448,5,25,0
g62,1577,6,123,332,0
g620,2042,4,152,22,0
g621,1771,17,442,4,0
g622,1360,6,453,11,0
g623,2080,9,153,17,0
g624,243,4,445,0,0
g625,1887,291,9,298,0
g626,973,446,5,26,0
g627,385,4,46,319,0
g628,1734,18,445,4,0
g629,934,84,5,89,0
g63,721,158,5,26,0
g630,160,4,443,0,0
g631,2404,17,95,98,0
g632,1321,3,311,11,0
g633,2051,4,154,22,0
g634,1749,13,124,325,0
g635,384,4,46,319,0
g636,784,2,2,178,0
g637,2652,269,7,1834,1
g638,481,4,82,90,0
g639,854,129,5,320,0
g64,568,4,84,92,1
g640,2506,11,79,95,0
g641,1230,10,397,105,0
g642,163,4,441,0,0
g643,1818,13,439,4,0
g644,153,4,442,0,0
g645,2072,9,153,17,0
g646,2389,17,95,98,0
g647,1728,13,124,323,0
g648,853,129,5,318,0
g649,311,5,360,0,0
g65,2157,4,78,102,0
g650,144,4,443,0,0
g651,2489,11,79,95,0
g652,466,4,82,90,0
g653,631,6,369,142,0
g654,2401,14,78,101,0
g655,584,9,2210,9459,0
g656,1309,6,435,11,0
g657,2664,9,1779,324,1
g658,2582,22,154,4,0
g659,491,4,83,90,0
g66,2505,11,79,95,0
g660,1785,17,442,4,0
g661,729,2,2,178,0
g662,2236,6,96,100,0
g663,2460,11,80,96,0
g664,492,4,46,290,0
g665,1607,6,123,330,0
g666,1335,3,288,19,0
g667,2187,4,78,102,0
g668,925,84,5,89,0
g669,1224,10,442,11,0
g67,2402,14,78,101,0
g670,527,4,83,91,0
g671,2658,414,8,1689,1
g672,2068,9,153,17,0
g673,1307,6,437,11,0
g674,1717,13,123,323,0
g675,1699,13,124,323,0
g676,1094,2,161,24,0
g677,1178,7,3,165,0
g678,1266,6,437,11,0
g679,1971,4,152,22,0
g68,169,5,442,0,0
g680,523,4,83,91,0
g681,1182,9,3,167,0
g682,2576,22,154,4,0
g683,840,26,5,281,0
g684,1931,4,152,22,0
g685,2625,129,5,1974,1
g686,2478,11,79,95,0
g687,581,6,202,124,0
g688,2126,4,79,103,0
g689,1605,8,244,69,0
g69,1942,4,152,22,0
g690,2300,6,96,100,0
g691,1814,13,328,18,0
g692,84,4,157,0,0
g693,484,4,83,90,0
g694,1455,6,138,332,0
g695,2514,12,152,14,0
g696,2123,4,79,103,0
g697,940,444,5,23,0
g698,1934,4,150,22,0
g699,2644,134,6,1969,1
g7,1340,6,451,11,0
g70,185,5,442,0,0
g700,2223,6,96,100,0
g701,2091,9,151,17,0
g702,234,4,447,0,0
g703,601,6,1931,7797,0
g704,1563,6,438,11,0
g705,1903,17,579,4,0
g706,215,4,448,0,0
g707,2564,21,78,94,0
g708,823,444,5,23,0
g709,142,4,441,0,0
g71,1991,74,5,115,0
g710,2175,4,79,103,0
g711,1310,6,435,11,0
g712,2147,4,79,103,0
g713,1614,6,123,330,0
g714,2662,1220,8,883,1
g715,1447,6,458,15,0
g716,1059,84,5,90,0
g717,317,5,443,0,0
g718,1758,17,443,4,0
g719,485,4,83,90,0
g72,1876,27,313,4,0
g720,1076,3,2,169,0
g721,2106,9,153,17,0
g722,1353,6,138,330,0
g723,147,4,441,0,0
g724,1705,13,124,323,0
g725,145,4,443,0,0
g726,2371,6,94,110,0
g727,1165,133,9,320,0
g728,1216,11,444,11,0
g729,250,4,359,0,0
g73,686,84,5,89,0
g730,1843,13,437,4,0
g731,737,2,2,369,0
g732,2290,6,96,100,0
g733,1929,4,151,22,0
g734,291,5,360,0,0
g735,678,129,5,318,0
g736,397,4,83,91,0
g737,496,4,272,9456,0
g738,943,159,5,26,0
g739,2016,4,151,22,0
g74,711,84,5,89,0
g740,2549,21,78,94,0
g741,2194,4,78,102,0
g742,992,85,5,91,0
g743,352,14,129,321,1
g744,645,308,10,59,0
g745,922,84,5,90,0
g746,562,4,84,92,1
g747,1547,11,439,11,0
g748,211,4,441,0,0
g749,1956,4,154,22,0
g75,306,4,316,0,0
g750,1334,6,311,25,0
g751,953,85,5,91,0
g752,1150,133,9,320,0
g753,1093,2,161,24,0
g754,455,4,128,321,0
g755,610,6,17415,887,0
g756,995,158,5,26,0
g757,1808,13,328,11,0
g758,979,159,5,26,0
g759,1573,6,123,332,0
g76,1824,13,439,4,0
g760,1297,6,136,330,0
g761,687,84,5,90,0
g762,140,4,443,0,0
g763,2647,134,6,1969,1
g764,1498,6,452,11,0
g765,1148,132,9,320,0
g766,1341,6,136,332,0
g767,532,4,83,91,0
g768,1750,13,357,4,0
g769,2144,4,78,102,0
g77,1367,6,452,11,0
g770,907,84,5,90,0
g771,987,441,5,21,0
g772,290,5,360,0,0
g773,1852,13,437,4,0
g774,2547,21,79,94,0
g775,1175,7,3,165,0
g776,1801,13,439,4,0
g777,2639,134,6,1969,1
g778,1089,3,2,169,0
g779,2218,4,79,103,0
g78,1246,10,397,105,0
g780,548,4,84,92,1
g781,1462,6,458,15,0
g782,1426,9,3,171,0
g783,1450,6,138,330,0
g784,1025,448,5,25,0
g785,799,2,2,178,0
g786,2624,128,5,1975,1
g787,2370,3,77,112,0
g788,1685,13,123,323,0
g789,2067,9,151,17,0
g79,2555,21,79,94,0
g790,1690,13,124,325,0
g791,2431,11,79,95,0
g792,1791,13,437,4,0
g793,2381,17,95,98,0
g794,2127,4,79,103,0
g795,2412,11,79,95,0
g796,231,4,447,0,0
g797,658,128,5,318,0
g798,2095,9,153,17,0
g799,870,129,5,318,0
g8,1086,3,2,169,0
g80,1305,6,356,11,0
g800,1264,6,138,332,0
g801,1279,6,135,332,0
g802,1744,13,437,4,0
g803,1863,17,443,4,0
g804,1647,9,3,171,0
g805,564,4,84,92,1
g806,2504,11,79,95,0
g807,1232,10,396,105,0
g808,946,444,5,21,0
g809,1273,6,138,330,0
g81,1452,6,329,25,0
g810,479,4,83,90,0
g811,1677,13,436,4,0
g812,1937,4,150,22,0
g813,280,4,332,0,0
g814,1268,6,136,330,0
g815,689,83,5,89,0
g816,1494,6,454,11,0
g817,309,5,360,0,0
g818,952,443,5,24,0
g819,948,444,5,21,0
g82,434,4,127,319,0
g820,839,129,5,320,0
g821,501,4,8845,873,0
g822,554,4,84,92,1
g823,1195,134,11,477,0
g824,157,4,440,0,0
g825,2626,129,5,1974,1
g826,2179,4,79,103,0
g827,371,4,128,319,0
g828,2413,18,95,98,0
g829,707,83,5,89,0
g83,1723,13,124,323,0
g830,1780,17,443,4,0
g831,553,4,84,92,1
g832,238,4,447,0,0
g833,1700,13,124,325,0
g834,2559,21,79,94,0
g835,955,360,5,21,0
g836,478,4,83,90,0
g837,386,4,46,319,0
g838,1227,10,397,105,0
g839,1925,4,152,22,0
g84,193,5,442,0,0
g840,1184,8,262,69,0
g841,199,4,443,0,0
g842,1776,17,443,4,0
g843,1212,10,441,11,0
g844,2442,11,80,96,0
g845,1521,6,438,11,0
g846,2315,3,77,112,0
g847,926,318,5,36,0
g848,1625,6,123,332,0
g849,981,448,5,25,0
g85,643,11,309,372,0
g850,1319,6,436,11,0
g851,769,17694,5,623,0
g852,194,5,444,0,0
g853,2233,6,96,100,0
g854,2472,11,80,96,0
g855,1520,6,4431,5322,0
g856,1890,16,4,358,0
g857,1970,4,152,22,0
g858,2088,9,153,17,0
g859,2544,21,79,94,0
g86,2654,19,129,2084,1
g860,2529,12,153,14,0
g861,1839,16,438,4,0
g862,1460,6,460,15,0
g863,603,1932,11,7802,0
g864,1553,6,438,11,0
g865,2102,9,153,17,0
g866,1756,17,442,4,0
g867,1554,9,437,11,0
g868,618,22,5,308,0
g869,1389,6,138,332,0
g87,526,4,83,91,0
g870,891,83,5,89,0
g871,978,159,5,26,0
g872,954,442,5,21,0
g873,756,2,2,178,0
g874,1601,6,123,332,0
g875,1328,6,438,11,0
g876,1637,10,8840,884,0
g877,428,4,127,321,0
g878,2109,9,152,17,0
g879,801,444,5,21,0
g88,1064,442,5,21,0
g880,2636,9,128,2094,1
g881,999,444,5,21,0
g882,1666,13,437,4,0
g883,600,826,11,8908,0
g884,1506,6,451,11,0
g885,2523,12,152,14,0
g886,1361,6,452,11,0
g887,2254,6,97,101,0
g888,2553,21,78,94,0
g889,499,4,2209,7519,0
g89,1127,2,161,24,0
g890,654,251,5,56,0
g891,1615,6,123,330,0
g892,901,84,5,90,0
g893,1135,2,161,24,0
g894,362,4,128,321,0
g895,1571,6,123,330,0
g896,188,5,442,0,0
g897,1912,34,20,298,0
g898,310,5,360,0,0
g899,1217,11,445,11,0
g9,2362,3,77,112,0
g90,905,83,5,89,0
g900,302,5,442,0,0
g901,1194,10,133,393,0
g902,2339,3,77,112,0
g903,697,83,5,89,0
g904,1151,132,9,320,0
g905,165,5,444,0,0
g906,1141,133,9,320,0
g907,1296,6,136,330,0
g908,415,4,83,91,0
g909,642,308,10,141,0
g91,2551,21,79,94,0
g910,1315,6,436,11,0
g911,971,443,5,21,0
g912,251,4,359,0,0
g913,1545,6,436,11,0
g914,2634,9,129,2094,1
g915,2420,18,95,98,0
g916,2524,12,152,14,0
g917,2358,6,95,109,0
g918,666,129,5,320,0
g919,135,4,441,0,0
g92,2663,1489,8,614,1
g920,2560,21,79,94,0
g921,782,84,5,90,0
g922,636,754,11,137,0
g923,1859,311,10,112,0
g924,864,129,5,320,0
g925,871,129,5,320,0
g926,2480,11,79,95,0
g927,1449,6,458,15,0
g928,2628,128,5,1975,1
g929,1917,3,66,123,0
g93,2329,3,77,112,0
g930,2159,4,78,102,0
g931,1075,9,272,405,0
g932,2033,4,150,22,0
g933,1725,13,123,325,0
g934,611,17416,7,18575,0
g935,223,4,447,0,0
g936,1293,6,136,330,0
g937,2396,14,78,101,0
g938,1295,6,137,330,0
g939,285,4,583,0,0
g94,1989,11,69,185,0
g940,1799,10,310,4,0
g941,931,84,5,89,0
g942,190,5,444,0,0
g943,624,34,11,296,0
g944,1760,17,443,4,0
g945,635,754,7,902,0
g946,2453,11,80,96,0
g947,888,84,5,90,0
g948,258,5,444,0,0
g949,2036,4,154,22,0
g95,281,4,271,0,0
g950,1288,6,135,332,0
g951,706,84,5,90,0
g952,735,447,5,25,0
g953,929,84,5,90,0
g954,122,4,441,0,0
g955,521,4,83,91,0
g956,525,4,83,91,0
g957,2137,4,79,103,0
g958,777,448,5,27,0
g959,1703,13,124,323,0
g96,1735,13,437,4,0
g960,1543,3,309,11,0
g961,1584,6,123,332,0
g962,2567,22,78,94,0
g963,398,4,83,91,0
g964,1727,13,124,325,0
g965,319,5,442,0,0
g966,1320,6,438,11,0
g967,1379,6,454,11,0
g968,1629,6,122,330,0
g969,605,4144,7,5584,0
g97,1023,159,5,26,0
g970,1495,6,451,11,0
g971,1747,13,124,325,0
g972,608,8568,7,9734,0
g973,770,2,2,178,0
g974,2550,21,78,94,0
g975,1022,444,5,23,0
g976,2103,9,152,17,0
g977,452,4,128,319,0
g978,2240,6,96,100,0
g979,640,3,2,169,0
g98,2025,4,150,22,0
g980,218,4,446,0,0
g981,2299,3,77,113,0
g982,1501,6,452,11,0
g983,214,4,449,0,0
g984,222,4,447,0,0
g985,1016,447,5,25,0
g986,375,4,128,319,0
g987,2266,6,97,101,0
g988,1128,2,160,24,0
g989,2134,4,79,103,0
g99,2158,4,78,102,0
g990,2606,21,204,109,0
g991,1210,10,441,11,0
g992,1694,13,124,325,0
g993,615,10,5,320,0
g994,448,4,127,319,0
g995,1004,444,5,23,0
g996,2604,9124,17,586,0
g997,663,128,5,320,0
g998,123,4,443,0,0
g999,2386,14,78,101,0
